ts,eid,mob,zone,hit,dmg,level,might,grace,will,dam,hit_stat,ac,self_x,self_y,mob_x,mob_y,facing,rel_dir,dist,weapon,gear
1785715530822,607414,,Thousand Legs,1,27,18,15,19,10,1,3,54,14,8,15,8,1,0,1,Swift sword,Swift sword|Farmer armor|Merchant helm|Black ring|Sea ring
1785715531349,607414,,Thousand Legs,1,27,18,15,19,10,1,3,54,14,8,15,8,1,0,1,Swift sword,Swift sword|Farmer armor|Merchant helm|Black ring|Sea ring
1785715531855,607414,,Thousand Legs,1,27,18,15,19,10,1,3,54,14,8,15,8,1,0,1,Swift sword,Swift sword|Farmer armor|Merchant helm|Black ring|Sea ring
1785715532601,607414,Large centipede,Thousand Legs,1,29,18,15,19,10,1,3,54,14,8,15,8,1,0,1,Swift sword,Swift sword|Farmer armor|Merchant helm|Black ring|Sea ring
1785715533129,607414,Large centipede,Thousand Legs,1,25,18,15,19,10,1,3,54,14,8,15,8,1,0,1,Swift sword,Swift sword|Farmer armor|Merchant helm|Black ring|Sea ring
1785715533745,607414,Large centipede,Thousand Legs,0,0,18,15,19,10,1,3,54,14,8,15,8,1,0,1,Swift sword,Swift sword|Farmer armor|Merchant helm|Black ring|Sea ring
1785715534362,607414,Large centipede,Thousand Legs,1,25,18,15,19,10,1,3,54,14,8,15,8,1,0,1,Swift sword,Swift sword|Farmer armor|Merchant helm|Black ring|Sea ring
1785715535076,607414,Large centipede,Thousand Legs,0,0,18,15,19,10,1,3,54,15,8,15,8,0,1,0,Swift sword,Swift sword|Farmer armor|Merchant helm|Black ring|Sea ring
1785715535954,607414,Large centipede,Thousand Legs,0,0,18,15,19,10,1,3,54,15,8,15,8,1,1,0,Swift sword,Swift sword|Farmer armor|Merchant helm|Black ring|Sea ring
1785715537079,607414,Large centipede,Thousand Legs,0,0,18,15,19,10,1,3,54,15,8,15,8,3,1,0,Swift sword,Swift sword|Farmer armor|Merchant helm|Black ring|Sea ring
1785715537811,607414,Large centipede,Thousand Legs,0,0,18,12,19,10,1,3,54,14,8,15,8,1,0,1,Swift sword,Swift sword|Farmer armor|Merchant helm|Black ring|Sea ring
1785715538493,604177,,Thousand Legs,0,0,18,12,19,10,1,3,54,15,8,15,7,0,0,1,Swift sword,Swift sword|Farmer armor|Merchant helm|Black ring|Sea ring
1785715539021,604177,,Thousand Legs,0,0,18,12,19,10,1,3,54,15,8,15,7,0,0,1,Swift sword,Swift sword|Farmer armor|Merchant helm|Black ring|Sea ring
1785715539635,604177,,Thousand Legs,1,27,18,12,19,10,1,3,54,15,8,15,7,0,0,1,Swift sword,Swift sword|Farmer armor|Merchant helm|Black ring|Sea ring
1785715540269,604177,Large centipede,Thousand Legs,1,25,18,12,19,10,1,3,54,15,8,15,7,0,0,1,Swift sword,Swift sword|Farmer armor|Merchant helm|Black ring|Sea ring
1785715540795,604177,Large centipede,Thousand Legs,1,91,18,12,19,10,1,3,54,15,8,15,7,0,0,1,Swift sword,Swift sword|Farmer armor|Merchant helm|Black ring|Sea ring
1785715541496,604177,Large centipede,Thousand Legs,0,0,18,12,19,10,1,3,54,15,8,15,7,0,0,1,Swift sword,Swift sword|Farmer armor|Merchant helm|Black ring|Sea ring
1785715542702,604177,Large centipede,Thousand Legs,0,0,18,12,19,10,1,3,54,16,7,15,7,3,0,1,Swift sword,Swift sword|Farmer armor|Merchant helm|Black ring|Sea ring
1785715543787,604177,Large centipede,Thousand Legs,0,0,18,12,19,10,1,3,54,15,7,15,7,3,1,0,Swift sword,Swift sword|Farmer armor|Merchant helm|Black ring|Sea ring
1785715544782,604177,Large centipede,Thousand Legs,0,0,18,12,19,10,1,3,54,14,7,15,7,1,0,1,Swift sword,Swift sword|Farmer armor|Merchant helm|Black ring|Sea ring
1785715545398,608075,,Thousand Legs,1,31,18,12,19,10,1,3,54,15,7,15,8,2,0,1,Swift sword,Swift sword|Farmer armor|Merchant helm|Black ring|Sea ring
1785715546012,608075,,Thousand Legs,1,31,18,12,19,10,1,3,54,15,7,15,8,2,0,1,Swift sword,Swift sword|Farmer armor|Merchant helm|Black ring|Sea ring
1785715546627,599371,,Thousand Legs,0,0,18,12,19,10,1,3,54,15,7,16,7,1,0,1,Swift sword,Swift sword|Farmer armor|Merchant helm|Black ring|Sea ring
1785715547242,599371,,Thousand Legs,1,30,18,12,19,10,1,3,54,15,7,16,7,1,0,1,Swift sword,Swift sword|Farmer armor|Merchant helm|Black ring|Sea ring
1785715547770,599371,,Thousand Legs,1,30,18,12,19,10,1,3,54,15,7,16,7,1,0,1,Swift sword,Swift sword|Farmer armor|Merchant helm|Black ring|Sea ring
1785715548386,599371,Large centipede,Thousand Legs,1,27,18,12,19,10,1,3,54,15,7,16,7,1,0,1,Swift sword,Swift sword|Farmer armor|Merchant helm|Black ring|Sea ring
1785715548887,608075,Rat,Thousand Legs,0,0,18,12,19,10,1,3,54,15,7,15,8,2,0,1,Swift sword,Swift sword|Farmer armor|Merchant helm|Black ring|Sea ring
1785715549972,608075,Rat,Thousand Legs,0,0,18,12,19,10,1,3,54,15,8,15,8,1,1,0,Swift sword,Swift sword|Farmer armor|Merchant helm|Black ring|Sea ring
1785715550947,599371,Large centipede,Thousand Legs,0,0,18,12,19,10,1,3,54,16,8,16,7,0,0,1,Swift sword,Swift sword|Farmer armor|Merchant helm|Black ring|Sea ring
1785715551565,599371,Large centipede,Thousand Legs,0,0,18,12,19,10,1,3,54,16,8,16,7,1,1,1,Swift sword,Swift sword|Farmer armor|Merchant helm|Black ring|Sea ring
1785715552266,608076,,Thousand Legs,0,0,18,12,19,10,1,3,54,16,7,16,8,2,0,1,Swift sword,Swift sword|Farmer armor|Merchant helm|Black ring|Sea ring
1785715552796,608076,,Thousand Legs,0,0,18,12,19,10,1,3,54,16,7,16,8,2,0,1,Swift sword,Swift sword|Farmer armor|Merchant helm|Black ring|Sea ring
1785715553579,608076,Large centipede,Thousand Legs,0,0,18,12,19,10,1,3,54,16,7,16,8,2,0,1,Swift sword,Swift sword|Farmer armor|Merchant helm|Black ring|Sea ring
1785715554093,608076,Large centipede,Thousand Legs,0,0,18,12,19,10,1,3,54,16,8,17,8,1,0,1,Swift sword,Swift sword|Farmer armor|Merchant helm|Black ring|Sea ring
1785715554871,608076,Large centipede,Thousand Legs,0,0,18,12,19,10,1,3,54,16,8,17,8,1,0,1,Swift sword,Swift sword|Farmer armor|Merchant helm|Black ring|Sea ring
1785715555399,608076,Large centipede,Thousand Legs,0,0,18,12,19,10,1,3,54,16,8,17,8,1,0,1,Swift sword,Swift sword|Farmer armor|Merchant helm|Black ring|Sea ring
1785715555912,608076,Large centipede,Thousand Legs,0,0,18,12,19,10,1,3,54,16,8,17,8,1,0,1,Swift sword,Swift sword|Farmer armor|Merchant helm|Black ring|Sea ring
1785715556429,608076,Large centipede,Thousand Legs,0,0,18,12,19,10,1,3,54,16,8,17,8,1,0,1,Swift sword,Swift sword|Farmer armor|Merchant helm|Black ring|Sea ring
1785715556956,608076,Large centipede,Thousand Legs,0,0,18,12,19,10,1,3,54,16,8,17,8,1,0,1,Swift sword,Swift sword|Farmer armor|Merchant helm|Black ring|Sea ring
1785715557569,608076,Large centipede,Thousand Legs,1,53,18,12,19,10,1,3,54,17,8,18,8,1,0,1,Swift sword,Swift sword|Farmer armor|Merchant helm|Black ring|Sea ring
1785715558095,608076,Large centipede,Thousand Legs,1,60,18,12,19,10,1,3,54,17,8,18,8,1,0,1,Swift sword,Swift sword|Farmer armor|Merchant helm|Black ring|Sea ring
1785715558928,608076,Large centipede,Thousand Legs,0,0,18,12,19,10,1,3,54,17,8,18,8,1,0,1,Swift sword,Swift sword|Farmer armor|Merchant helm|Black ring|Sea ring
1785715561893,607417,Large centipede,Thousand Legs,0,0,18,12,19,10,1,3,54,20,8,20,7,0,0,1,Swift sword,Swift sword|Farmer armor|Merchant helm|Black ring|Sea ring
1785715562421,607417,Large centipede,Thousand Legs,1,49,18,12,19,10,1,3,54,20,8,20,7,0,0,1,Swift sword,Swift sword|Farmer armor|Merchant helm|Black ring|Sea ring
1785715563036,607417,Large centipede,Thousand Legs,1,49,18,12,19,10,1,3,54,20,8,20,7,0,0,1,Swift sword,Swift sword|Farmer armor|Merchant helm|Black ring|Sea ring
1785715563651,607417,Large centipede,Thousand Legs,0,0,18,12,19,10,1,3,54,20,8,20,7,0,0,1,Swift sword,Swift sword|Farmer armor|Merchant helm|Black ring|Sea ring
1785715564178,607417,Large centipede,Thousand Legs,0,0,18,12,19,10,1,3,54,20,8,20,7,0,0,1,Swift sword,Swift sword|Farmer armor|Merchant helm|Black ring|Sea ring
1785715564793,607417,Large centipede,Thousand Legs,1,26,18,12,19,10,1,3,54,20,8,20,7,0,0,1,Swift sword,Swift sword|Farmer armor|Merchant helm|Black ring|Sea ring
1785715565418,607417,Large centipede,Thousand Legs,1,23,18,12,19,10,1,3,54,20,8,20,7,0,0,1,Swift sword,Swift sword|Farmer armor|Merchant helm|Black ring|Sea ring
1785715565946,607417,Large centipede,Thousand Legs,1,23,18,12,19,10,1,3,54,20,8,20,7,0,0,1,Swift sword,Swift sword|Farmer armor|Merchant helm|Black ring|Sea ring
1785715566562,607417,Large centipede,Thousand Legs,1,25,18,12,19,10,1,3,54,20,8,20,7,0,0,1,Swift sword,Swift sword|Farmer armor|Merchant helm|Black ring|Sea ring
1785715567175,607417,Large centipede,Thousand Legs,0,0,18,12,19,10,1,3,54,20,8,20,7,0,0,1,Swift sword,Swift sword|Farmer armor|Merchant helm|Black ring|Sea ring
1785715567703,607417,Large centipede,Thousand Legs,0,0,18,12,19,10,1,3,54,20,8,20,7,0,0,1,Swift sword,Swift sword|Farmer armor|Merchant helm|Black ring|Sea ring
1785715568317,607417,Large centipede,Thousand Legs,0,0,18,12,19,10,1,3,54,20,8,20,7,0,0,1,Swift sword,Swift sword|Farmer armor|Merchant helm|Black ring|Sea ring
1785715568931,607417,Large centipede,Thousand Legs,1,23,18,12,19,10,1,3,54,20,8,20,7,0,0,1,Swift sword,Swift sword|Farmer armor|Merchant helm|Black ring|Sea ring
1785715569458,607417,Large centipede,Thousand Legs,1,23,18,12,19,10,1,3,54,20,8,20,7,0,0,1,Swift sword,Swift sword|Farmer armor|Merchant helm|Black ring|Sea ring
1785715569962,607417,Large centipede,Thousand Legs,1,23,18,12,19,10,1,3,54,20,8,20,7,0,0,1,Swift sword,Swift sword|Farmer armor|Merchant helm|Black ring|Sea ring
1785715570705,607417,Large centipede,Thousand Legs,1,26,18,12,19,10,1,3,54,20,8,20,7,0,0,1,Swift sword,Swift sword|Farmer armor|Merchant helm|Black ring|Sea ring
1785715571232,607417,Large centipede,Thousand Legs,1,26,18,12,19,10,1,3,54,20,8,20,7,0,0,1,Swift sword,Swift sword|Farmer armor|Merchant helm|Black ring|Sea ring
1785715571848,607417,Large centipede,Thousand Legs,1,27,18,12,19,10,1,3,54,20,8,20,7,0,0,1,Swift sword,Swift sword|Farmer armor|Merchant helm|Black ring|Sea ring
1785715572463,607417,Large centipede,Thousand Legs,0,0,18,12,19,10,1,3,54,20,8,20,7,0,0,1,Swift sword,Swift sword|Farmer armor|Merchant helm|Black ring|Sea ring
1785715572991,607417,Large centipede,Thousand Legs,0,0,18,12,19,10,1,3,54,20,8,20,7,0,0,1,Swift sword,Swift sword|Farmer armor|Merchant helm|Black ring|Sea ring
1785715573608,607417,Large centipede,Thousand Legs,0,0,18,12,19,10,1,3,54,20,8,20,7,0,0,1,Swift sword,Swift sword|Farmer armor|Merchant helm|Black ring|Sea ring
1785715574240,607417,Large centipede,Thousand Legs,1,26,18,12,19,10,1,3,54,20,8,20,7,0,0,1,Swift sword,Swift sword|Farmer armor|Merchant helm|Black ring|Sea ring
1785715574768,607417,Large centipede,Thousand Legs,0,0,18,12,19,10,1,3,54,20,8,20,7,0,0,1,Swift sword,Swift sword|Farmer armor|Merchant helm|Black ring|Sea ring
1785715575383,607417,Large centipede,Thousand Legs,1,23,18,12,19,10,1,3,54,20,8,20,7,0,0,1,Swift sword,Swift sword|Farmer armor|Merchant helm|Black ring|Sea ring
1785715575996,607417,Large centipede,Thousand Legs,1,79,18,12,19,10,1,3,54,20,8,20,7,0,0,1,Swift sword,Swift sword|Farmer armor|Merchant helm|Black ring|Sea ring
1785715576524,607417,Large centipede,Thousand Legs,0,0,18,12,19,10,1,3,54,20,8,20,7,0,0,1,Swift sword,Swift sword|Farmer armor|Merchant helm|Black ring|Sea ring
1785715577141,607417,Large centipede,Thousand Legs,1,23,18,12,19,10,1,3,54,20,8,20,7,0,0,1,Swift sword,Swift sword|Farmer armor|Merchant helm|Black ring|Sea ring
1785715577753,607417,Large centipede,Thousand Legs,0,0,18,12,19,10,1,3,54,20,8,20,7,0,0,1,Swift sword,Swift sword|Farmer armor|Merchant helm|Black ring|Sea ring
1785715578281,607417,Large centipede,Thousand Legs,0,0,18,12,19,10,1,3,54,20,8,20,7,0,0,1,Swift sword,Swift sword|Farmer armor|Merchant helm|Black ring|Sea ring
1785715578782,607417,Large centipede,Thousand Legs,1,24,18,12,19,10,1,3,54,20,8,20,7,0,0,1,Swift sword,Swift sword|Farmer armor|Merchant helm|Black ring|Sea ring
1785715579528,607417,Large centipede,Thousand Legs,0,0,18,12,19,10,1,3,54,20,8,20,7,0,0,1,Swift sword,Swift sword|Farmer armor|Merchant helm|Black ring|Sea ring
1785715580057,607417,Large centipede,Thousand Legs,0,0,18,12,19,10,1,3,54,20,8,20,7,0,0,1,Swift sword,Swift sword|Farmer armor|Merchant helm|Black ring|Sea ring
1785715580673,607417,Large centipede,Thousand Legs,0,0,18,12,19,10,1,3,54,20,8,20,7,0,0,1,Swift sword,Swift sword|Farmer armor|Merchant helm|Black ring|Sea ring
1785715581284,607417,Large centipede,Thousand Legs,0,0,18,12,19,10,1,3,54,20,8,20,7,0,0,1,Swift sword,Swift sword|Farmer armor|Merchant helm|Black ring|Sea ring
1785715581815,607417,Large centipede,Thousand Legs,0,0,18,12,19,10,1,3,54,20,8,20,7,0,0,1,Swift sword,Swift sword|Farmer armor|Merchant helm|Black ring|Sea ring
1785715582429,607417,Large centipede,Thousand Legs,0,0,18,12,19,10,1,3,54,20,8,20,7,0,0,1,Swift sword,Swift sword|Farmer armor|Merchant helm|Black ring|Sea ring
1785715583061,607417,Large centipede,Thousand Legs,0,0,18,12,19,10,1,3,54,20,8,20,7,0,0,1,Swift sword,Swift sword|Farmer armor|Merchant helm|Black ring|Sea ring
1785715583589,607417,Large centipede,Thousand Legs,1,23,18,12,19,10,1,3,54,20,8,20,7,0,0,1,Swift sword,Swift sword|Farmer armor|Merchant helm|Black ring|Sea ring
1785715584203,607417,Large centipede,Thousand Legs,1,23,18,12,19,10,1,3,54,20,8,20,7,0,0,1,Swift sword,Swift sword|Farmer armor|Merchant helm|Black ring|Sea ring
1785715584817,607417,Large centipede,Thousand Legs,1,23,18,12,19,10,1,3,54,20,8,20,7,0,0,1,Swift sword,Swift sword|Farmer armor|Merchant helm|Black ring|Sea ring
1785715585347,607417,Large centipede,Thousand Legs,0,0,18,12,19,10,1,3,54,20,8,20,7,0,0,1,Swift sword,Swift sword|Farmer armor|Merchant helm|Black ring|Sea ring
1785715585962,607417,Large centipede,Thousand Legs,1,26,18,12,19,10,1,3,54,20,8,20,7,0,0,1,Swift sword,Swift sword|Farmer armor|Merchant helm|Black ring|Sea ring
1785715586576,607417,Large centipede,Thousand Legs,1,26,18,12,19,10,1,3,54,20,8,20,7,0,0,1,Swift sword,Swift sword|Farmer armor|Merchant helm|Black ring|Sea ring
1785715587104,607417,Large centipede,Thousand Legs,1,23,18,12,19,10,1,3,54,20,8,20,7,0,0,1,Swift sword,Swift sword|Farmer armor|Merchant helm|Black ring|Sea ring
1785715587736,607417,Large centipede,Thousand Legs,1,27,18,12,19,10,1,3,54,20,8,20,7,0,0,1,Swift sword,Swift sword|Farmer armor|Merchant helm|Black ring|Sea ring
1785715588348,607417,Large centipede,Thousand Legs,1,23,18,12,19,10,1,3,54,20,8,20,7,0,0,1,Swift sword,Swift sword|Farmer armor|Merchant helm|Black ring|Sea ring
1785715588876,607417,Large centipede,Thousand Legs,1,27,18,12,19,10,1,3,54,20,8,20,7,0,0,1,Swift sword,Swift sword|Farmer armor|Merchant helm|Black ring|Sea ring
1785715589492,607417,Large centipede,Thousand Legs,1,27,18,12,19,10,1,3,54,20,8,20,7,0,0,1,Swift sword,Swift sword|Farmer armor|Merchant helm|Black ring|Sea ring
1785715590105,607417,Large centipede,Thousand Legs,0,0,18,12,19,10,1,3,54,20,8,20,7,0,0,1,Swift sword,Swift sword|Farmer armor|Merchant helm|Black ring|Sea ring
1785715590632,607417,Large centipede,Thousand Legs,1,24,18,12,19,10,1,3,54,20,8,20,7,0,0,1,Swift sword,Swift sword|Farmer armor|Merchant helm|Black ring|Sea ring
1785715591248,607417,Large centipede,Thousand Legs,1,23,18,12,19,10,1,3,54,20,8,20,7,0,0,1,Swift sword,Swift sword|Farmer armor|Merchant helm|Black ring|Sea ring
1785715591878,607417,Large centipede,Thousand Legs,1,24,18,12,19,10,1,3,54,20,8,20,7,0,0,1,Swift sword,Swift sword|Farmer armor|Merchant helm|Black ring|Sea ring
1785715592406,607417,Large centipede,Thousand Legs,1,24,18,12,19,10,1,3,54,20,8,20,7,0,0,1,Swift sword,Swift sword|Farmer armor|Merchant helm|Black ring|Sea ring
1785715593019,607417,Large centipede,Thousand Legs,0,0,18,12,19,10,1,3,54,20,8,20,7,0,0,1,Swift sword,Swift sword|Farmer armor|Merchant helm|Black ring|Sea ring
1785715593632,607417,Large centipede,Thousand Legs,1,23,18,12,19,10,1,3,54,20,8,20,7,0,0,1,Swift sword,Swift sword|Farmer armor|Merchant helm|Black ring|Sea ring
1785715594160,607417,Large centipede,Thousand Legs,1,27,18,12,19,10,1,3,54,20,8,20,7,0,0,1,Swift sword,Swift sword|Farmer armor|Merchant helm|Black ring|Sea ring
1785715594774,607417,Large centipede,Thousand Legs,0,0,18,12,19,10,1,3,54,20,8,20,7,0,0,1,Swift sword,Swift sword|Farmer armor|Merchant helm|Black ring|Sea ring
1785715595388,607417,Large centipede,Thousand Legs,0,0,18,12,19,10,1,3,54,20,8,20,7,0,0,1,Swift sword,Swift sword|Farmer armor|Merchant helm|Black ring|Sea ring
1785715595914,607417,Large centipede,Thousand Legs,1,23,18,12,19,10,1,3,54,20,8,20,7,0,0,1,Swift sword,Swift sword|Farmer armor|Merchant helm|Black ring|Sea ring
1785715596541,607417,Large centipede,Thousand Legs,1,23,18,12,19,10,1,3,54,20,8,20,7,0,0,1,Swift sword,Swift sword|Farmer armor|Merchant helm|Black ring|Sea ring
1785715597156,607417,Large centipede,Thousand Legs,1,23,18,12,19,10,1,3,54,20,8,20,7,0,0,1,Swift sword,Swift sword|Farmer armor|Merchant helm|Black ring|Sea ring
1785715597683,607417,Large centipede,Thousand Legs,1,25,18,12,19,10,1,3,54,20,8,20,7,0,0,1,Swift sword,Swift sword|Farmer armor|Merchant helm|Black ring|Sea ring
1785715598297,607417,Large centipede,Thousand Legs,1,27,18,12,19,10,1,3,54,20,8,20,7,0,0,1,Swift sword,Swift sword|Farmer armor|Merchant helm|Black ring|Sea ring
1785715598911,607417,Large centipede,Thousand Legs,1,24,18,12,19,10,1,3,54,20,8,20,7,0,0,1,Swift sword,Swift sword|Farmer armor|Merchant helm|Black ring|Sea ring
1785715599438,607417,Large centipede,Thousand Legs,1,26,18,12,19,10,1,3,54,20,8,20,7,0,0,1,Swift sword,Swift sword|Farmer armor|Merchant helm|Black ring|Sea ring
1785715600052,607417,Large centipede,Thousand Legs,1,26,18,12,19,10,1,3,54,20,8,20,7,0,0,1,Swift sword,Swift sword|Farmer armor|Merchant helm|Black ring|Sea ring
1785715600647,607417,Large centipede,Thousand Legs,0,0,18,12,19,10,1,3,54,20,7,20,7,3,1,0,Swift sword,Swift sword|Farmer armor|Merchant helm|Black ring|Sea ring
1785715601501,607417,Large centipede,Thousand Legs,0,0,18,12,19,10,1,3,54,20,7,20,7,0,1,0,Swift sword,Swift sword|Farmer armor|Merchant helm|Black ring|Sea ring
1785715602355,607417,Large centipede,Thousand Legs,0,0,18,12,19,10,1,3,54,20,7,20,7,1,1,0,Swift sword,Swift sword|Farmer armor|Merchant helm|Black ring|Sea ring
1785715603211,607417,Large centipede,Thousand Legs,0,0,18,12,19,10,1,3,54,20,7,20,7,2,1,0,Swift sword,Swift sword|Farmer armor|Merchant helm|Black ring|Sea ring
1785715629261,75557,Bat,Sonar Central,0,0,18,12,19,10,1,0,64,3,10,3,11,2,0,1,Swift sword,Swift sword|Farmer armor|Merchant helm|Sea ring
1785715629792,75557,Bat,Sonar Central,0,0,18,12,19,10,1,0,64,3,10,3,11,2,0,1,Swift sword,Swift sword|Farmer armor|Merchant helm|Sea ring
1785715630493,75557,Bat,Sonar Central,0,0,18,12,19,10,1,0,64,3,10,3,11,2,0,1,Swift sword,Swift sword|Farmer armor|Merchant helm|Sea ring
1785715631020,75557,Bat,Sonar Central,0,0,18,12,19,10,1,0,64,3,10,3,11,2,0,1,Swift sword,Swift sword|Farmer armor|Merchant helm|Sea ring
1785715631594,75557,Bat,Sonar Central,0,0,18,12,19,10,1,0,64,2,10,2,11,2,0,1,Swift sword,Swift sword|Farmer armor|Merchant helm|Sea ring
1785715632120,75557,Bat,Sonar Central,0,0,18,12,19,10,1,0,64,2,10,2,11,2,0,1,Swift sword,Swift sword|Farmer armor|Merchant helm|Sea ring
1785715632734,75557,Bat,Sonar Central,0,0,18,12,19,10,1,0,64,2,10,2,11,2,0,1,Swift sword,Swift sword|Farmer armor|Merchant helm|Sea ring
1785715634660,75557,Bat,Sonar Central,0,0,18,12,19,10,1,0,64,2,11,1,11,3,0,1,Swift sword,Swift sword|Farmer armor|Merchant helm|Sea ring
1785715635187,75557,Bat,Sonar Central,0,0,18,12,19,10,1,0,64,2,11,1,11,3,0,1,Swift sword,Swift sword|Farmer armor|Merchant helm|Sea ring
1785715635800,75557,Bat,Sonar Central,0,0,18,12,19,10,1,0,64,2,11,1,11,3,0,1,Swift sword,Swift sword|Farmer armor|Merchant helm|Sea ring
1785715636415,75557,Bat,Sonar Central,1,52,18,12,19,10,1,0,64,2,11,1,11,3,0,1,Swift sword,Swift sword|Farmer armor|Merchant helm|Sea ring
1785715636943,75557,Bat,Sonar Central,1,47,18,12,19,10,1,0,64,2,11,1,11,3,0,1,Swift sword,Swift sword|Farmer armor|Merchant helm|Sea ring
1785715637556,75557,Bat,Sonar Central,1,26,18,12,19,10,1,0,64,2,11,1,11,3,0,1,Swift sword,Swift sword|Farmer armor|Merchant helm|Sea ring
1785715638190,75557,Bat,Sonar Central,1,24,18,12,19,10,1,0,64,2,11,1,11,3,0,1,Swift sword,Swift sword|Farmer armor|Merchant helm|Sea ring
1785715638716,75557,Bat,Sonar Central,1,23,18,12,19,10,1,0,64,2,11,1,11,3,0,1,Swift sword,Swift sword|Farmer armor|Merchant helm|Sea ring
1785715639330,75557,Bat,Sonar Central,0,0,18,12,19,10,1,0,64,2,11,1,11,3,0,1,Swift sword,Swift sword|Farmer armor|Merchant helm|Sea ring
1785715639945,75557,Bat,Sonar Central,1,25,18,12,19,10,1,0,64,2,11,1,11,3,0,1,Swift sword,Swift sword|Farmer armor|Merchant helm|Sea ring
1785715640473,75557,Bat,Sonar Central,1,25,18,12,19,10,1,0,64,2,11,1,11,3,0,1,Swift sword,Swift sword|Farmer armor|Merchant helm|Sea ring
1785715641088,75557,Bat,Sonar Central,0,0,18,12,19,10,1,0,64,2,11,1,11,3,0,1,Swift sword,Swift sword|Farmer armor|Merchant helm|Sea ring
1785715641703,75557,Bat,Sonar Central,0,0,18,12,19,10,1,0,64,2,11,1,11,3,0,1,Swift sword,Swift sword|Farmer armor|Merchant helm|Sea ring
1785715642230,75557,Bat,Sonar Central,0,0,18,12,19,10,1,0,64,2,11,1,11,3,0,1,Swift sword,Swift sword|Farmer armor|Merchant helm|Sea ring
1785715642730,75557,Bat,Sonar Central,0,0,18,12,19,10,1,0,64,2,11,1,11,3,0,1,Swift sword,Swift sword|Farmer armor|Merchant helm|Sea ring
1785715643477,75557,Bat,Sonar Central,1,25,18,12,19,10,1,0,64,2,11,1,11,3,0,1,Swift sword,Swift sword|Farmer armor|Merchant helm|Sea ring
1785715644006,75557,Bat,Sonar Central,0,0,18,12,19,10,1,0,64,2,11,1,11,3,0,1,Swift sword,Swift sword|Farmer armor|Merchant helm|Sea ring
1785715644620,75557,Bat,Sonar Central,0,0,18,12,19,10,1,0,64,2,11,1,11,3,0,1,Swift sword,Swift sword|Farmer armor|Merchant helm|Sea ring
1785715645233,75557,Bat,Sonar Central,1,23,18,12,19,10,1,0,64,2,11,1,11,3,0,1,Swift sword,Swift sword|Farmer armor|Merchant helm|Sea ring
1785715645759,75557,Bat,Sonar Central,0,0,18,12,19,10,1,0,64,2,11,1,11,3,0,1,Swift sword,Swift sword|Farmer armor|Merchant helm|Sea ring
1785715646374,75557,Bat,Sonar Central,0,0,18,12,19,10,1,0,64,2,11,1,11,3,0,1,Swift sword,Swift sword|Farmer armor|Merchant helm|Sea ring
1785715647006,75557,Bat,Sonar Central,1,23,18,12,19,10,1,0,64,2,11,1,11,3,0,1,Swift sword,Swift sword|Farmer armor|Merchant helm|Sea ring
1785715647533,75557,Bat,Sonar Central,1,23,18,12,19,10,1,0,64,2,11,1,11,3,0,1,Swift sword,Swift sword|Farmer armor|Merchant helm|Sea ring
1785715648145,75557,Bat,Sonar Central,0,0,18,12,19,10,1,0,64,2,11,1,11,3,0,1,Swift sword,Swift sword|Farmer armor|Merchant helm|Sea ring
1785715648759,75557,Bat,Sonar Central,0,0,18,12,19,10,1,0,64,2,11,1,11,3,0,1,Swift sword,Swift sword|Farmer armor|Merchant helm|Sea ring
1785715649287,75557,Bat,Sonar Central,0,0,18,12,19,10,1,0,64,2,11,1,11,3,0,1,Swift sword,Swift sword|Farmer armor|Merchant helm|Sea ring
1785715649902,75557,Bat,Sonar Central,1,27,18,12,19,10,1,0,64,2,11,1,11,3,0,1,Swift sword,Swift sword|Farmer armor|Merchant helm|Sea ring
1785715650516,75557,Bat,Sonar Central,1,79,18,12,19,10,1,0,64,2,11,1,11,3,0,1,Swift sword,Swift sword|Farmer armor|Merchant helm|Sea ring
1785715651044,75557,Bat,Sonar Central,0,0,18,12,19,10,1,0,64,2,11,1,11,3,0,1,Swift sword,Swift sword|Farmer armor|Merchant helm|Sea ring
1785715651679,75557,Bat,Sonar Central,0,0,18,12,19,10,1,0,64,2,11,1,11,3,0,1,Swift sword,Swift sword|Farmer armor|Merchant helm|Sea ring
1785715652292,75557,Bat,Sonar Central,0,0,18,12,19,10,1,0,64,2,11,1,11,3,0,1,Swift sword,Swift sword|Farmer armor|Merchant helm|Sea ring
1785715652819,75557,Bat,Sonar Central,0,0,18,12,19,10,1,0,64,2,11,1,11,3,0,1,Swift sword,Swift sword|Farmer armor|Merchant helm|Sea ring
1785715653433,75557,Bat,Sonar Central,0,0,18,12,19,10,1,0,64,2,11,1,11,3,0,1,Swift sword,Swift sword|Farmer armor|Merchant helm|Sea ring
1785715654046,75557,Bat,Sonar Central,0,0,18,12,19,10,1,0,64,2,11,1,11,3,0,1,Swift sword,Swift sword|Farmer armor|Merchant helm|Sea ring
1785715654573,75557,Bat,Sonar Central,0,0,18,12,19,10,1,0,64,2,11,1,11,3,0,1,Swift sword,Swift sword|Farmer armor|Merchant helm|Sea ring
1785715655187,75557,Bat,Sonar Central,0,0,18,12,19,10,1,0,64,2,11,1,11,3,0,1,Swift sword,Swift sword|Farmer armor|Merchant helm|Sea ring
1785715655818,75557,Bat,Sonar Central,1,24,18,12,19,10,1,0,64,2,11,1,11,3,0,1,Swift sword,Swift sword|Farmer armor|Merchant helm|Sea ring
1785715656346,75557,Bat,Sonar Central,0,0,18,12,19,10,1,0,64,2,11,1,11,3,0,1,Swift sword,Swift sword|Farmer armor|Merchant helm|Sea ring
1785715656960,75557,Bat,Sonar Central,1,23,18,12,19,10,1,0,64,2,11,1,11,3,0,1,Swift sword,Swift sword|Farmer armor|Merchant helm|Sea ring
1785715657574,75557,Bat,Sonar Central,1,23,18,12,19,10,1,0,64,2,11,1,11,3,0,1,Swift sword,Swift sword|Farmer armor|Merchant helm|Sea ring
1785715658103,75557,Bat,Sonar Central,1,23,18,12,19,10,1,0,64,2,11,1,11,3,0,1,Swift sword,Swift sword|Farmer armor|Merchant helm|Sea ring
1785715658715,75557,Bat,Sonar Central,0,0,18,12,19,10,1,0,64,2,11,1,11,3,0,1,Swift sword,Swift sword|Farmer armor|Merchant helm|Sea ring
1785715659330,75557,Bat,Sonar Central,1,26,18,12,19,10,1,0,64,2,11,1,11,3,0,1,Swift sword,Swift sword|Farmer armor|Merchant helm|Sea ring
1785715659858,75557,Bat,Sonar Central,0,0,18,12,19,10,1,0,64,2,11,1,11,3,0,1,Swift sword,Swift sword|Farmer armor|Merchant helm|Sea ring
1785715660491,75557,Bat,Sonar Central,1,23,18,12,19,10,1,0,64,2,11,1,11,3,0,1,Swift sword,Swift sword|Farmer armor|Merchant helm|Sea ring
1785715661106,75557,Bat,Sonar Central,1,25,18,12,19,10,1,0,64,2,11,1,11,3,0,1,Swift sword,Swift sword|Farmer armor|Merchant helm|Sea ring
1785715661635,75557,Bat,Sonar Central,0,0,18,12,19,10,1,0,64,2,11,1,11,3,0,1,Swift sword,Swift sword|Farmer armor|Merchant helm|Sea ring
1785715662246,75557,Bat,Sonar Central,1,25,18,12,19,10,1,0,64,2,11,1,11,3,0,1,Swift sword,Swift sword|Farmer armor|Merchant helm|Sea ring
1785715662860,75557,Bat,Sonar Central,0,0,18,12,19,10,1,0,64,2,11,1,11,3,0,1,Swift sword,Swift sword|Farmer armor|Merchant helm|Sea ring
1785715663387,75557,Bat,Sonar Central,0,0,18,12,19,10,1,0,64,2,11,1,11,3,0,1,Swift sword,Swift sword|Farmer armor|Merchant helm|Sea ring
1785715664001,75557,Bat,Sonar Central,1,25,18,12,19,10,1,0,64,2,11,1,11,3,0,1,Swift sword,Swift sword|Farmer armor|Merchant helm|Sea ring
1785715664634,75557,Bat,Sonar Central,1,27,18,12,19,10,1,0,64,2,11,1,11,3,0,1,Swift sword,Swift sword|Farmer armor|Merchant helm|Sea ring
1785715665162,75557,Bat,Sonar Central,1,27,18,12,19,10,1,0,64,2,11,1,11,3,0,1,Swift sword,Swift sword|Farmer armor|Merchant helm|Sea ring
1785715665775,75557,Bat,Sonar Central,1,23,18,12,19,10,1,0,64,2,11,1,11,3,0,1,Swift sword,Swift sword|Farmer armor|Merchant helm|Sea ring
1785715666820,75557,Bat,Sonar Central,0,0,18,12,19,10,1,0,64,2,11,1,11,3,0,1,Swift sword,Swift sword|Farmer armor|Merchant helm|Sea ring
1785715667347,75557,Bat,Sonar Central,0,0,18,12,19,10,1,0,64,2,11,1,11,3,0,1,Swift sword,Swift sword|Farmer armor|Merchant helm|Sea ring
1785715667963,75557,Bat,Sonar Central,1,25,18,12,19,10,1,0,64,2,11,1,11,3,0,1,Swift sword,Swift sword|Farmer armor|Merchant helm|Sea ring
1785715668577,75557,Bat,Sonar Central,1,23,18,12,19,10,1,0,64,2,11,1,11,3,0,1,Swift sword,Swift sword|Farmer armor|Merchant helm|Sea ring
1785715669105,75557,Bat,Sonar Central,1,23,18,12,19,10,1,0,64,2,11,1,11,3,0,1,Swift sword,Swift sword|Farmer armor|Merchant helm|Sea ring
1785715669737,75557,Bat,Sonar Central,1,23,18,12,19,10,1,0,64,2,11,1,11,3,0,1,Swift sword,Swift sword|Farmer armor|Merchant helm|Sea ring
1785715670350,75557,Bat,Sonar Central,0,0,18,12,19,10,1,0,64,2,11,1,11,3,0,1,Swift sword,Swift sword|Farmer armor|Merchant helm|Sea ring
1785715670877,75557,Bat,Sonar Central,0,0,18,12,19,10,1,0,64,2,11,1,11,3,0,1,Swift sword,Swift sword|Farmer armor|Merchant helm|Sea ring
1785715671496,75557,Bat,Sonar Central,0,0,18,12,19,10,1,0,64,2,11,1,11,3,0,1,Swift sword,Swift sword|Farmer armor|Merchant helm|Sea ring
1785715672109,75557,Bat,Sonar Central,0,0,18,12,19,10,1,0,64,2,11,1,11,3,0,1,Swift sword,Swift sword|Farmer armor|Merchant helm|Sea ring
1785715672636,75557,Bat,Sonar Central,0,0,18,12,19,10,1,0,64,2,11,1,11,3,0,1,Swift sword,Swift sword|Farmer armor|Merchant helm|Sea ring
1785715673253,75557,Bat,Sonar Central,1,24,18,12,19,10,1,0,64,2,11,1,11,3,0,1,Swift sword,Swift sword|Farmer armor|Merchant helm|Sea ring
1785715673884,75557,Bat,Sonar Central,0,0,18,12,19,10,1,0,64,2,11,1,11,3,0,1,Swift sword,Swift sword|Farmer armor|Merchant helm|Sea ring
1785715674412,75557,Bat,Sonar Central,1,24,18,12,19,10,1,0,64,2,11,1,11,3,0,1,Swift sword,Swift sword|Farmer armor|Merchant helm|Sea ring
1785715675026,75557,Bat,Sonar Central,1,25,18,12,19,10,1,0,64,2,11,1,11,3,0,1,Swift sword,Swift sword|Farmer armor|Merchant helm|Sea ring
1785715675642,75557,Bat,Sonar Central,1,23,18,12,19,10,1,0,64,2,11,1,11,3,0,1,Swift sword,Swift sword|Farmer armor|Merchant helm|Sea ring
1785715676170,75557,Bat,Sonar Central,1,23,18,12,19,10,1,0,64,2,11,1,11,3,0,1,Swift sword,Swift sword|Farmer armor|Merchant helm|Sea ring
1785715676785,75557,Bat,Sonar Central,1,26,18,12,19,10,1,0,64,2,11,1,11,3,0,1,Swift sword,Swift sword|Farmer armor|Merchant helm|Sea ring
1785715677400,75557,Bat,Sonar Central,0,0,18,12,19,10,1,0,64,2,11,1,11,3,0,1,Swift sword,Swift sword|Farmer armor|Merchant helm|Sea ring
1785715677928,75557,Bat,Sonar Central,1,79,18,12,19,10,1,0,64,2,11,1,11,3,0,1,Swift sword,Swift sword|Farmer armor|Merchant helm|Sea ring
1785715678429,75557,Bat,Sonar Central,1,25,18,12,19,10,1,0,64,2,11,1,11,3,0,1,Swift sword,Swift sword|Farmer armor|Merchant helm|Sea ring
1785715679175,75557,Bat,Sonar Central,1,25,18,12,19,10,1,0,64,2,11,1,11,3,0,1,Swift sword,Swift sword|Farmer armor|Merchant helm|Sea ring
1785715679705,75557,Bat,Sonar Central,0,0,18,12,19,10,1,0,64,2,11,1,11,3,0,1,Swift sword,Swift sword|Farmer armor|Merchant helm|Sea ring
1785715680842,75557,Bat,Sonar Central,0,0,18,15,19,10,1,0,64,2,11,1,11,3,0,1,Swift sword,Swift sword|Farmer armor|Merchant helm|Sea ring
1785715681370,75557,Bat,Sonar Central,1,27,18,15,19,10,1,0,64,2,11,1,11,3,0,1,Swift sword,Swift sword|Farmer armor|Merchant helm|Sea ring
1785715682152,75557,Bat,Sonar Central,0,0,18,15,19,10,1,0,64,2,11,1,11,3,0,1,Swift sword,Swift sword|Farmer armor|Merchant helm|Sea ring
1785715683217,75557,Bat,Sonar Central,0,0,18,15,19,10,1,0,64,1,11,1,11,1,1,0,Swift sword,Swift sword|Farmer armor|Merchant helm|Sea ring
1785715684191,75557,Bat,Sonar Central,0,0,18,15,19,10,1,0,64,2,11,1,11,3,0,1,Swift sword,Swift sword|Farmer armor|Merchant helm|Sea ring
1785715687729,75556,Bat,Sonar Central,0,0,18,15,19,10,1,0,64,1,15,1,16,2,0,1,Swift sword,Swift sword|Farmer armor|Merchant helm|Sea ring
1785715688508,75556,Bat,Sonar Central,0,0,18,15,19,10,1,0,64,1,15,1,16,2,0,1,Swift sword,Swift sword|Farmer armor|Merchant helm|Sea ring
1785715689036,75556,Bat,Sonar Central,0,0,18,15,19,10,1,0,64,1,15,1,16,2,0,1,Swift sword,Swift sword|Farmer armor|Merchant helm|Sea ring
1785715689639,75556,Bat,Sonar Central,0,0,18,15,19,10,1,0,64,1,16,1,17,2,0,1,Swift sword,Swift sword|Farmer armor|Merchant helm|Sea ring
1785715690168,75556,Bat,Sonar Central,0,0,18,15,19,10,1,0,64,1,16,1,17,2,0,1,Swift sword,Swift sword|Farmer armor|Merchant helm|Sea ring
1785715690690,75556,Bat,Sonar Central,0,0,18,15,19,10,1,0,64,1,16,1,17,2,0,1,Swift sword,Swift sword|Farmer armor|Merchant helm|Sea ring
1785715691687,75556,Bat,Sonar Central,0,0,18,15,19,10,1,0,64,1,17,1,18,2,0,1,Swift sword,Swift sword|Farmer armor|Merchant helm|Sea ring
1785715692204,75556,Bat,Sonar Central,0,0,18,15,19,10,1,0,64,1,17,1,18,2,0,1,Swift sword,Swift sword|Farmer armor|Merchant helm|Sea ring
1785715692982,75556,Bat,Sonar Central,0,0,18,15,19,10,1,0,64,1,17,1,18,2,0,1,Swift sword,Swift sword|Farmer armor|Merchant helm|Sea ring
1785715703689,75552,Bat,Sonar Central,0,0,18,15,19,10,1,0,64,11,15,11,14,0,0,1,Swift sword,Swift sword|Farmer armor|Merchant helm|Sea ring
1785715704216,75552,Bat,Sonar Central,0,0,18,15,19,10,1,0,64,11,15,11,14,0,0,1,Swift sword,Swift sword|Farmer armor|Merchant helm|Sea ring
1785715704831,75552,Bat,Sonar Central,0,0,18,15,19,10,1,0,64,11,15,11,14,0,0,1,Swift sword,Swift sword|Farmer armor|Merchant helm|Sea ring
1785715705446,75552,Bat,Sonar Central,1,25,18,15,19,10,1,0,64,11,15,11,14,0,0,1,Swift sword,Swift sword|Farmer armor|Merchant helm|Sea ring
1785715705973,75552,Bat,Sonar Central,0,0,18,15,19,10,1,0,64,11,15,11,14,0,0,1,Swift sword,Swift sword|Farmer armor|Merchant helm|Sea ring
1785715706589,75552,Bat,Sonar Central,0,0,18,15,19,10,1,0,64,11,15,11,14,0,0,1,Swift sword,Swift sword|Farmer armor|Merchant helm|Sea ring
1785715707221,75552,Bat,Sonar Central,0,0,18,15,19,10,1,0,64,11,15,11,14,0,0,1,Swift sword,Swift sword|Farmer armor|Merchant helm|Sea ring
1785715707748,75552,Bat,Sonar Central,1,27,18,15,19,10,1,0,64,11,15,11,14,0,0,1,Swift sword,Swift sword|Farmer armor|Merchant helm|Sea ring
1785715708364,75552,Bat,Sonar Central,0,0,18,15,19,10,1,0,64,11,15,11,14,0,0,1,Swift sword,Swift sword|Farmer armor|Merchant helm|Sea ring
1785715708976,75552,Bat,Sonar Central,1,24,18,15,19,10,1,0,64,11,15,11,14,0,0,1,Swift sword,Swift sword|Farmer armor|Merchant helm|Sea ring
1785715709503,75552,Bat,Sonar Central,0,0,18,15,19,10,1,0,64,11,15,11,14,0,0,1,Swift sword,Swift sword|Farmer armor|Merchant helm|Sea ring
1785715710117,75552,Bat,Sonar Central,0,0,18,15,19,10,1,0,64,11,15,11,14,0,0,1,Swift sword,Swift sword|Farmer armor|Merchant helm|Sea ring
1785715710732,75552,Bat,Sonar Central,1,23,18,15,19,10,1,0,64,11,15,11,14,0,0,1,Swift sword,Swift sword|Farmer armor|Merchant helm|Sea ring
1785715711260,75552,Bat,Sonar Central,0,0,18,15,19,10,1,0,64,11,15,11,14,0,0,1,Swift sword,Swift sword|Farmer armor|Merchant helm|Sea ring
1785715711885,75552,Bat,Sonar Central,1,27,18,15,19,10,1,0,64,11,15,11,14,0,0,1,Swift sword,Swift sword|Farmer armor|Merchant helm|Sea ring
1785715712499,75552,Bat,Sonar Central,1,23,18,15,19,10,1,0,64,11,15,11,14,0,0,1,Swift sword,Swift sword|Farmer armor|Merchant helm|Sea ring
1785715713025,75552,Bat,Sonar Central,1,25,18,15,19,10,1,0,64,11,15,11,14,0,0,1,Swift sword,Swift sword|Farmer armor|Merchant helm|Sea ring
1785715713640,75552,Bat,Sonar Central,1,25,18,15,19,10,1,0,64,11,15,11,14,0,0,1,Swift sword,Swift sword|Farmer armor|Merchant helm|Sea ring
1785715714254,75552,Bat,Sonar Central,0,0,18,15,19,10,1,0,64,11,15,11,14,0,0,1,Swift sword,Swift sword|Farmer armor|Merchant helm|Sea ring
1785715714781,75552,Bat,Sonar Central,0,0,18,15,19,10,1,0,64,11,15,11,14,0,0,1,Swift sword,Swift sword|Farmer armor|Merchant helm|Sea ring
1785715715395,75552,Bat,Sonar Central,1,23,18,15,19,10,1,0,64,11,15,11,14,0,0,1,Swift sword,Swift sword|Farmer armor|Merchant helm|Sea ring
1785715716020,75552,Bat,Sonar Central,1,23,18,15,19,10,1,0,64,11,15,11,14,0,0,1,Swift sword,Swift sword|Farmer armor|Merchant helm|Sea ring
1785715716548,75552,Bat,Sonar Central,1,23,18,15,19,10,1,0,64,11,15,11,14,0,0,1,Swift sword,Swift sword|Farmer armor|Merchant helm|Sea ring
1785715717163,75552,Bat,Sonar Central,0,0,18,15,19,10,1,0,64,11,15,11,14,0,0,1,Swift sword,Swift sword|Farmer armor|Merchant helm|Sea ring
1785715717779,75552,Bat,Sonar Central,0,0,18,15,19,10,1,0,64,11,15,11,14,0,0,1,Swift sword,Swift sword|Farmer armor|Merchant helm|Sea ring
1785715718306,75552,Bat,Sonar Central,0,0,18,15,19,10,1,0,64,11,15,11,14,0,0,1,Swift sword,Swift sword|Farmer armor|Merchant helm|Sea ring
1785715718923,75552,Bat,Sonar Central,0,0,18,15,19,10,1,0,64,11,15,11,14,0,0,1,Swift sword,Swift sword|Farmer armor|Merchant helm|Sea ring
1785715719534,75552,Bat,Sonar Central,1,25,18,15,19,10,1,0,64,11,15,11,14,0,0,1,Swift sword,Swift sword|Farmer armor|Merchant helm|Sea ring
1785715720062,75552,Bat,Sonar Central,1,26,18,15,19,10,1,0,64,11,15,11,14,0,0,1,Swift sword,Swift sword|Farmer armor|Merchant helm|Sea ring
1785715720564,75552,Bat,Sonar Central,1,81,18,15,19,10,1,0,64,11,15,11,14,0,0,1,Swift sword,Swift sword|Farmer armor|Merchant helm|Sea ring
1785715721308,75552,Bat,Sonar Central,1,23,18,15,19,10,1,0,64,11,15,11,14,0,0,1,Swift sword,Swift sword|Farmer armor|Merchant helm|Sea ring
1785715721836,75552,Bat,Sonar Central,0,0,18,15,19,10,1,0,64,11,15,11,14,0,0,1,Swift sword,Swift sword|Farmer armor|Merchant helm|Sea ring
1785715722451,75552,Bat,Sonar Central,1,23,18,15,19,10,1,0,64,11,15,11,14,0,0,1,Swift sword,Swift sword|Farmer armor|Merchant helm|Sea ring
1785715723064,75552,Bat,Sonar Central,1,25,18,15,19,10,1,0,64,11,15,11,14,0,0,1,Swift sword,Swift sword|Farmer armor|Merchant helm|Sea ring
1785715723592,75552,Bat,Sonar Central,1,26,18,15,19,10,1,0,64,11,15,11,14,0,0,1,Swift sword,Swift sword|Farmer armor|Merchant helm|Sea ring
1785715724206,75552,Bat,Sonar Central,0,0,18,15,19,10,1,0,64,11,15,11,14,0,0,1,Swift sword,Swift sword|Farmer armor|Merchant helm|Sea ring
1785715724839,75552,Bat,Sonar Central,1,23,18,15,19,10,1,0,64,11,15,11,14,0,0,1,Swift sword,Swift sword|Farmer armor|Merchant helm|Sea ring
1785715725366,75552,Bat,Sonar Central,1,23,18,15,19,10,1,0,64,11,15,11,14,0,0,1,Swift sword,Swift sword|Farmer armor|Merchant helm|Sea ring
1785715725980,75552,Bat,Sonar Central,1,25,18,15,19,10,1,0,64,11,15,11,14,0,0,1,Swift sword,Swift sword|Farmer armor|Merchant helm|Sea ring
1785715726593,75552,Bat,Sonar Central,1,26,18,15,19,10,1,0,64,11,15,11,14,0,0,1,Swift sword,Swift sword|Farmer armor|Merchant helm|Sea ring
1785715727120,75552,Bat,Sonar Central,1,23,18,15,19,10,1,0,64,11,15,11,14,0,0,1,Swift sword,Swift sword|Farmer armor|Merchant helm|Sea ring
1785715727734,75552,Bat,Sonar Central,1,24,18,15,19,10,1,0,64,11,15,11,14,0,0,1,Swift sword,Swift sword|Farmer armor|Merchant helm|Sea ring
1785715728347,75552,Bat,Sonar Central,1,25,18,15,19,10,1,0,64,11,15,11,14,0,0,1,Swift sword,Swift sword|Farmer armor|Merchant helm|Sea ring
1785715728873,75552,Bat,Sonar Central,1,25,18,15,19,10,1,0,64,11,15,11,14,0,0,1,Swift sword,Swift sword|Farmer armor|Merchant helm|Sea ring
1785715729374,75552,Bat,Sonar Central,1,23,18,15,19,10,1,0,64,11,15,11,14,0,0,1,Swift sword,Swift sword|Farmer armor|Merchant helm|Sea ring
1785715730120,75552,Bat,Sonar Central,1,27,18,15,19,10,1,0,64,11,15,11,14,0,0,1,Swift sword,Swift sword|Farmer armor|Merchant helm|Sea ring
1785715730647,75552,Bat,Sonar Central,1,25,18,15,19,10,1,0,64,11,15,11,14,0,0,1,Swift sword,Swift sword|Farmer armor|Merchant helm|Sea ring
1785715731263,75552,Bat,Sonar Central,1,23,18,15,19,10,1,0,64,11,15,11,14,0,0,1,Swift sword,Swift sword|Farmer armor|Merchant helm|Sea ring
1785715731876,75552,Bat,Sonar Central,0,0,18,15,19,10,1,0,64,11,15,11,14,0,0,1,Swift sword,Swift sword|Farmer armor|Merchant helm|Sea ring
1785715732403,75552,Bat,Sonar Central,0,0,18,15,19,10,1,0,64,11,15,11,14,0,0,1,Swift sword,Swift sword|Farmer armor|Merchant helm|Sea ring
1785715733017,75552,Bat,Sonar Central,1,25,18,15,19,10,1,0,64,11,15,11,14,0,0,1,Swift sword,Swift sword|Farmer armor|Merchant helm|Sea ring
1785715733643,75552,Bat,Sonar Central,1,23,18,15,19,10,1,0,64,11,15,11,14,0,0,1,Swift sword,Swift sword|Farmer armor|Merchant helm|Sea ring
1785715734172,75552,Bat,Sonar Central,0,0,18,15,19,10,1,0,64,11,15,11,14,0,0,1,Swift sword,Swift sword|Farmer armor|Merchant helm|Sea ring
1785715734787,75552,Bat,Sonar Central,1,25,18,15,19,10,1,0,64,11,15,11,14,0,0,1,Swift sword,Swift sword|Farmer armor|Merchant helm|Sea ring
1785715735398,75552,Bat,Sonar Central,0,0,18,15,19,10,1,0,64,11,15,11,14,0,0,1,Swift sword,Swift sword|Farmer armor|Merchant helm|Sea ring
1785715735928,75552,Bat,Sonar Central,1,27,18,15,19,10,1,0,64,11,15,11,14,0,0,1,Swift sword,Swift sword|Farmer armor|Merchant helm|Sea ring
1785715736539,75552,Bat,Sonar Central,1,25,18,15,19,10,1,0,64,11,15,11,14,0,0,1,Swift sword,Swift sword|Farmer armor|Merchant helm|Sea ring
1785715737153,75552,Bat,Sonar Central,0,0,18,15,19,10,1,0,64,11,15,11,14,0,0,1,Swift sword,Swift sword|Farmer armor|Merchant helm|Sea ring
1785715737680,75552,Bat,Sonar Central,0,0,18,15,19,10,1,0,64,11,15,11,14,0,0,1,Swift sword,Swift sword|Farmer armor|Merchant helm|Sea ring
1785715738314,75552,Bat,Sonar Central,0,0,18,15,19,10,1,0,64,11,15,11,14,0,0,1,Swift sword,Swift sword|Farmer armor|Merchant helm|Sea ring
1785715738928,75552,Bat,Sonar Central,1,69,18,15,19,10,1,0,64,11,15,11,14,0,0,1,Swift sword,Swift sword|Farmer armor|Merchant helm|Sea ring
1785715739544,75552,Bat,Sonar Central,0,0,18,15,19,10,1,0,64,11,15,11,14,0,0,1,Swift sword,Swift sword|Farmer armor|Merchant helm|Sea ring
1785715740586,75552,Bat,Sonar Central,0,0,18,15,19,10,1,0,64,11,14,11,14,1,1,0,Swift sword,Swift sword|Farmer armor|Merchant helm|Sea ring
1785715741440,75552,Bat,Sonar Central,0,0,18,15,19,10,1,0,64,11,14,11,14,2,1,0,Swift sword,Swift sword|Farmer armor|Merchant helm|Sea ring
1785715742432,75552,Bat,Sonar Central,0,0,18,15,19,10,1,0,64,11,15,11,14,0,0,1,Swift sword,Swift sword|Farmer armor|Merchant helm|Sea ring
1785715814756,75556,Bat,Sonar Central,0,0,18,15,19,10,1,0,64,5,15,5,14,0,0,1,Swift sword,Swift sword|Farmer armor|Merchant helm|Sea ring
1785715815284,75556,Bat,Sonar Central,0,0,18,15,19,10,1,0,64,5,15,5,14,0,0,1,Swift sword,Swift sword|Farmer armor|Merchant helm|Sea ring
1785715815900,75556,Bat,Sonar Central,0,0,18,15,19,10,1,0,64,5,15,5,14,0,0,1,Swift sword,Swift sword|Farmer armor|Merchant helm|Sea ring
1785715816513,75556,Bat,Sonar Central,1,26,18,15,19,10,1,0,64,5,15,5,14,0,0,1,Swift sword,Swift sword|Farmer armor|Merchant helm|Sea ring
1785715817039,75556,Bat,Sonar Central,0,0,18,15,19,10,1,0,64,5,15,5,14,0,0,1,Swift sword,Swift sword|Farmer armor|Merchant helm|Sea ring
1785715817654,75556,Bat,Sonar Central,1,26,18,15,19,10,1,0,64,5,15,5,14,0,0,1,Swift sword,Swift sword|Farmer armor|Merchant helm|Sea ring
1785715818267,75556,Bat,Sonar Central,1,26,18,15,19,10,1,0,64,5,15,5,14,0,0,1,Swift sword,Swift sword|Farmer armor|Merchant helm|Sea ring
1785715818794,75556,Bat,Sonar Central,1,23,18,15,19,10,1,0,64,5,15,5,14,0,0,1,Swift sword,Swift sword|Farmer armor|Merchant helm|Sea ring
1785715819411,75556,Bat,Sonar Central,0,0,18,15,19,10,1,0,64,5,15,5,14,0,0,1,Swift sword,Swift sword|Farmer armor|Merchant helm|Sea ring
1785715820043,75556,Bat,Sonar Central,1,27,18,15,19,10,1,0,64,5,15,5,14,0,0,1,Swift sword,Swift sword|Farmer armor|Merchant helm|Sea ring
1785715820570,75556,Bat,Sonar Central,1,25,18,15,19,10,1,0,64,5,15,5,14,0,0,1,Swift sword,Swift sword|Farmer armor|Merchant helm|Sea ring
1785715821187,75556,Bat,Sonar Central,1,81,18,15,19,10,1,0,64,5,15,5,14,0,0,1,Swift sword,Swift sword|Farmer armor|Merchant helm|Sea ring
1785715821801,75556,Bat,Sonar Central,1,81,18,15,19,10,1,0,64,5,15,5,14,0,0,1,Swift sword,Swift sword|Farmer armor|Merchant helm|Sea ring
1785715822328,75556,Bat,Sonar Central,0,0,18,15,19,10,1,0,64,5,15,5,14,0,0,1,Swift sword,Swift sword|Farmer armor|Merchant helm|Sea ring
1785715822941,75556,Bat,Sonar Central,0,0,18,15,19,10,1,0,64,5,15,5,14,0,0,1,Swift sword,Swift sword|Farmer armor|Merchant helm|Sea ring
1785715823554,75556,Bat,Sonar Central,0,0,18,15,19,10,1,0,64,5,15,5,14,0,0,1,Swift sword,Swift sword|Farmer armor|Merchant helm|Sea ring
1785715824081,75556,Bat,Sonar Central,0,0,18,15,19,10,1,0,64,5,15,5,14,0,0,1,Swift sword,Swift sword|Farmer armor|Merchant helm|Sea ring
1785715824582,75556,Bat,Sonar Central,1,23,18,15,19,10,1,0,64,5,15,5,14,0,0,1,Swift sword,Swift sword|Farmer armor|Merchant helm|Sea ring
1785715825329,75556,Bat,Sonar Central,1,26,18,15,19,10,1,0,64,5,15,5,14,0,0,1,Swift sword,Swift sword|Farmer armor|Merchant helm|Sea ring
1785715825859,75556,Bat,Sonar Central,0,0,18,15,19,10,1,0,64,5,15,5,14,0,0,1,Swift sword,Swift sword|Farmer armor|Merchant helm|Sea ring
1785715826474,75556,Bat,Sonar Central,1,23,18,15,19,10,1,0,64,5,15,5,14,0,0,1,Swift sword,Swift sword|Farmer armor|Merchant helm|Sea ring
1785715827086,75556,Bat,Sonar Central,1,25,18,15,19,10,1,0,64,5,15,5,14,0,0,1,Swift sword,Swift sword|Farmer armor|Merchant helm|Sea ring
1785715827612,75556,Bat,Sonar Central,1,23,18,15,19,10,1,0,64,5,15,5,14,0,0,1,Swift sword,Swift sword|Farmer armor|Merchant helm|Sea ring
1785715828228,75556,Bat,Sonar Central,1,27,18,15,19,10,1,0,64,5,15,5,14,0,0,1,Swift sword,Swift sword|Farmer armor|Merchant helm|Sea ring
1785715828860,75556,Bat,Sonar Central,0,0,18,15,19,10,1,0,64,5,15,5,14,0,0,1,Swift sword,Swift sword|Farmer armor|Merchant helm|Sea ring
1785715829388,75556,Bat,Sonar Central,0,0,18,15,19,10,1,0,64,5,15,5,14,0,0,1,Swift sword,Swift sword|Farmer armor|Merchant helm|Sea ring
1785715830003,75556,Bat,Sonar Central,1,26,18,15,19,10,1,0,64,5,15,5,14,0,0,1,Swift sword,Swift sword|Farmer armor|Merchant helm|Sea ring
1785715831404,75556,Bat,Sonar Central,0,0,18,15,19,10,1,0,64,5,15,5,14,0,0,1,Swift sword,Swift sword|Farmer armor|Merchant helm|Sea ring
1785715831931,75556,Bat,Sonar Central,0,0,18,15,19,10,1,0,64,5,15,5,14,0,0,1,Swift sword,Swift sword|Farmer armor|Merchant helm|Sea ring
1785715832546,75556,Bat,Sonar Central,0,0,18,15,19,10,1,0,64,5,15,5,14,0,0,1,Swift sword,Swift sword|Farmer armor|Merchant helm|Sea ring
1785715833180,75556,Bat,Sonar Central,1,23,18,15,19,10,1,0,64,5,15,5,14,0,0,1,Swift sword,Swift sword|Farmer armor|Merchant helm|Sea ring
1785715833708,75556,Bat,Sonar Central,1,23,18,15,19,10,1,0,64,5,15,5,14,0,0,1,Swift sword,Swift sword|Farmer armor|Merchant helm|Sea ring
1785715834324,75556,Bat,Sonar Central,1,24,18,15,19,10,1,0,64,5,15,5,14,0,0,1,Swift sword,Swift sword|Farmer armor|Merchant helm|Sea ring
1785715834938,75556,Bat,Sonar Central,1,26,18,15,19,10,1,0,64,5,15,5,14,0,0,1,Swift sword,Swift sword|Farmer armor|Merchant helm|Sea ring
1785715835467,75556,Bat,Sonar Central,0,0,18,15,19,10,1,0,64,5,15,5,14,0,0,1,Swift sword,Swift sword|Farmer armor|Merchant helm|Sea ring
1785715836080,75556,Bat,Sonar Central,0,0,18,15,19,10,1,0,64,5,15,5,14,0,0,1,Swift sword,Swift sword|Farmer armor|Merchant helm|Sea ring
1785715836695,75556,Bat,Sonar Central,0,0,18,15,19,10,1,0,64,5,15,5,14,0,0,1,Swift sword,Swift sword|Farmer armor|Merchant helm|Sea ring
1785715837222,75556,Bat,Sonar Central,0,0,18,15,19,10,1,0,64,5,15,5,14,0,0,1,Swift sword,Swift sword|Farmer armor|Merchant helm|Sea ring
1785715837723,75556,Bat,Sonar Central,0,0,18,15,19,10,1,0,64,5,15,5,14,0,0,1,Swift sword,Swift sword|Farmer armor|Merchant helm|Sea ring
1785715838469,75556,Bat,Sonar Central,1,23,18,15,19,10,1,0,64,5,15,5,14,0,0,1,Swift sword,Swift sword|Farmer armor|Merchant helm|Sea ring
1785715838997,75556,Bat,Sonar Central,1,23,18,15,19,10,1,0,64,5,15,5,14,0,0,1,Swift sword,Swift sword|Farmer armor|Merchant helm|Sea ring
1785715839612,75556,Bat,Sonar Central,0,0,18,15,19,10,1,0,64,5,15,5,14,0,0,1,Swift sword,Swift sword|Farmer armor|Merchant helm|Sea ring
1785715840225,75556,Bat,Sonar Central,1,24,18,15,19,10,1,0,64,5,15,5,14,0,0,1,Swift sword,Swift sword|Farmer armor|Merchant helm|Sea ring
1785715840753,75556,Bat,Sonar Central,1,24,18,15,19,10,1,0,64,5,15,5,14,0,0,1,Swift sword,Swift sword|Farmer armor|Merchant helm|Sea ring
1785715841370,75556,Bat,Sonar Central,1,24,18,15,19,10,1,0,64,5,15,5,14,0,0,1,Swift sword,Swift sword|Farmer armor|Merchant helm|Sea ring
1785715842001,75556,Bat,Sonar Central,1,23,18,15,19,10,1,0,64,5,15,5,14,0,0,1,Swift sword,Swift sword|Farmer armor|Merchant helm|Sea ring
1785715842528,75556,Bat,Sonar Central,0,0,18,15,19,10,1,0,64,5,15,5,14,0,0,1,Swift sword,Swift sword|Farmer armor|Merchant helm|Sea ring
1785715843146,75556,Bat,Sonar Central,1,26,18,15,19,10,1,0,64,5,15,5,14,0,0,1,Swift sword,Swift sword|Farmer armor|Merchant helm|Sea ring
1785715843757,75556,Bat,Sonar Central,1,24,18,15,19,10,1,0,64,5,15,5,14,0,0,1,Swift sword,Swift sword|Farmer armor|Merchant helm|Sea ring
1785715844284,75556,Bat,Sonar Central,1,24,18,15,19,10,1,0,64,5,15,5,14,0,0,1,Swift sword,Swift sword|Farmer armor|Merchant helm|Sea ring
1785715844899,75556,Bat,Sonar Central,1,23,18,15,19,10,1,0,64,5,15,5,14,0,0,1,Swift sword,Swift sword|Farmer armor|Merchant helm|Sea ring
1785715845513,75556,Bat,Sonar Central,1,23,18,15,19,10,1,0,64,5,15,5,14,0,0,1,Swift sword,Swift sword|Farmer armor|Merchant helm|Sea ring
1785715846039,75556,Bat,Sonar Central,1,27,18,15,19,10,1,0,64,5,15,5,14,0,0,1,Swift sword,Swift sword|Farmer armor|Merchant helm|Sea ring
1785715846542,75556,Bat,Sonar Central,0,0,18,15,19,10,1,0,64,5,15,5,14,0,0,1,Swift sword,Swift sword|Farmer armor|Merchant helm|Sea ring
1785715847289,75556,Bat,Sonar Central,1,23,18,15,19,10,1,0,64,5,15,5,14,0,0,1,Swift sword,Swift sword|Farmer armor|Merchant helm|Sea ring
1785715847817,75556,Bat,Sonar Central,1,23,18,15,19,10,1,0,64,5,15,5,14,0,0,1,Swift sword,Swift sword|Farmer armor|Merchant helm|Sea ring
1785715848431,75556,Bat,Sonar Central,0,0,18,15,19,10,1,0,64,5,15,5,14,0,0,1,Swift sword,Swift sword|Farmer armor|Merchant helm|Sea ring
1785715849045,75556,Bat,Sonar Central,1,23,18,15,19,10,1,0,64,5,15,5,14,0,0,1,Swift sword,Swift sword|Farmer armor|Merchant helm|Sea ring
1785715849574,75556,Bat,Sonar Central,0,0,18,15,19,10,1,0,64,5,15,5,14,0,0,1,Swift sword,Swift sword|Farmer armor|Merchant helm|Sea ring
1785715850188,75556,Bat,Sonar Central,1,69,18,15,19,10,1,0,64,5,15,5,14,0,0,1,Swift sword,Swift sword|Farmer armor|Merchant helm|Sea ring
1785715850689,75556,Bat,Sonar Central,0,0,18,15,19,10,1,0,64,5,15,5,14,0,0,1,Swift sword,Swift sword|Farmer armor|Merchant helm|Sea ring
1785715851854,75556,Bat,Sonar Central,0,0,18,15,19,10,1,0,64,5,13,5,14,2,0,1,Swift sword,Swift sword|Farmer armor|Merchant helm|Sea ring
1785715852897,75556,Bat,Sonar Central,0,0,18,15,19,10,1,0,64,5,14,5,14,3,1,0,Swift sword,Swift sword|Farmer armor|Merchant helm|Sea ring
1785715853872,75556,Bat,Sonar Central,0,0,18,15,19,10,1,0,64,4,14,5,14,1,0,1,Swift sword,Swift sword|Farmer armor|Merchant helm|Sea ring
1785715858266,75553,Bat,Sonar Central,0,0,18,15,19,10,1,0,64,3,11,2,11,3,0,1,Swift sword,Swift sword|Farmer armor|Merchant helm|Sea ring
1785715858794,75553,Bat,Sonar Central,0,0,18,15,19,10,1,0,64,3,11,2,11,3,0,1,Swift sword,Swift sword|Farmer armor|Merchant helm|Sea ring
1785715859405,75553,Bat,Sonar Central,0,0,18,15,19,10,1,0,64,2,11,1,11,3,0,1,Swift sword,Swift sword|Farmer armor|Merchant helm|Sea ring
1785715859933,75553,Bat,Sonar Central,1,23,18,15,19,10,1,0,64,2,11,1,11,3,0,1,Swift sword,Swift sword|Farmer armor|Merchant helm|Sea ring
1785715860547,75553,Bat,Sonar Central,1,23,18,15,19,10,1,0,64,2,11,1,11,3,0,1,Swift sword,Swift sword|Farmer armor|Merchant helm|Sea ring
1785715861161,75553,Bat,Sonar Central,0,0,18,15,19,10,1,0,64,2,11,1,11,3,0,1,Swift sword,Swift sword|Farmer armor|Merchant helm|Sea ring
1785715861689,75553,Bat,Sonar Central,1,25,18,15,19,10,1,0,64,2,11,1,11,3,0,1,Swift sword,Swift sword|Farmer armor|Merchant helm|Sea ring
1785715862305,75553,Bat,Sonar Central,1,25,18,15,19,10,1,0,64,2,11,1,11,3,0,1,Swift sword,Swift sword|Farmer armor|Merchant helm|Sea ring
1785715862918,75553,Bat,Sonar Central,0,0,18,15,19,10,1,0,64,2,11,1,11,3,0,1,Swift sword,Swift sword|Farmer armor|Merchant helm|Sea ring
1785715863446,75553,Bat,Sonar Central,0,0,18,15,19,10,1,0,64,2,11,1,11,3,0,1,Swift sword,Swift sword|Farmer armor|Merchant helm|Sea ring
1785715864079,75553,Bat,Sonar Central,1,26,18,15,19,10,1,0,64,2,11,1,11,3,0,1,Swift sword,Swift sword|Farmer armor|Merchant helm|Sea ring
1785715864694,75553,Bat,Sonar Central,1,24,18,15,19,10,1,0,64,2,11,1,11,3,0,1,Swift sword,Swift sword|Farmer armor|Merchant helm|Sea ring
1785715865222,75553,Bat,Sonar Central,1,23,18,15,19,10,1,0,64,2,11,1,11,3,0,1,Swift sword,Swift sword|Farmer armor|Merchant helm|Sea ring
1785715865837,75553,Bat,Sonar Central,1,23,18,15,19,10,1,0,64,2,11,1,11,3,0,1,Swift sword,Swift sword|Farmer armor|Merchant helm|Sea ring
1785715866451,75553,Bat,Sonar Central,0,0,18,12,19,10,1,0,64,2,11,1,11,3,0,1,Swift sword,Swift sword|Farmer armor|Merchant helm|Sea ring
1785715866981,75553,Bat,Sonar Central,0,0,18,12,19,10,1,0,64,2,11,1,11,3,0,1,Swift sword,Swift sword|Farmer armor|Merchant helm|Sea ring
1785715867594,75553,Bat,Sonar Central,1,76,18,12,19,10,1,0,64,2,11,1,11,3,0,1,Swift sword,Swift sword|Farmer armor|Merchant helm|Sea ring
1785715868224,75553,Bat,Sonar Central,1,25,18,12,19,10,1,0,64,2,11,1,11,3,0,1,Swift sword,Swift sword|Farmer armor|Merchant helm|Sea ring
1785715868751,75553,Bat,Sonar Central,0,0,18,12,19,10,1,0,64,2,11,1,11,3,0,1,Swift sword,Swift sword|Farmer armor|Merchant helm|Sea ring
1785715869366,75553,Bat,Sonar Central,0,0,18,12,19,10,1,0,64,2,11,1,11,3,0,1,Swift sword,Swift sword|Farmer armor|Merchant helm|Sea ring
1785715870410,75553,Bat,Sonar Central,1,24,18,12,19,10,1,0,64,2,11,1,11,3,0,1,Swift sword,Swift sword|Farmer armor|Merchant helm|Sea ring
1785715870938,75553,Bat,Sonar Central,1,24,18,12,19,10,1,0,64,2,11,1,11,3,0,1,Swift sword,Swift sword|Farmer armor|Merchant helm|Sea ring
1785715871559,75553,Bat,Sonar Central,1,24,18,12,19,10,1,0,64,2,11,1,11,3,0,1,Swift sword,Swift sword|Farmer armor|Merchant helm|Sea ring
1785715872172,75553,Bat,Sonar Central,1,23,18,12,19,10,1,0,64,2,11,1,11,3,0,1,Swift sword,Swift sword|Farmer armor|Merchant helm|Sea ring
1785715872701,75553,Bat,Sonar Central,1,26,18,12,19,10,1,0,64,2,11,1,11,3,0,1,Swift sword,Swift sword|Farmer armor|Merchant helm|Sea ring
1785715873201,75553,Bat,Sonar Central,0,0,18,12,19,10,1,0,64,2,11,1,11,3,0,1,Swift sword,Swift sword|Farmer armor|Merchant helm|Sea ring
1785715873948,75553,Bat,Sonar Central,0,0,18,12,19,10,1,0,64,2,11,1,11,3,0,1,Swift sword,Swift sword|Farmer armor|Merchant helm|Sea ring
1785715874477,75553,Bat,Sonar Central,0,0,18,12,19,10,1,0,64,2,11,1,11,3,0,1,Swift sword,Swift sword|Farmer armor|Merchant helm|Sea ring
1785715875090,75553,Bat,Sonar Central,0,0,18,12,19,10,1,0,64,2,11,1,11,3,0,1,Swift sword,Swift sword|Farmer armor|Merchant helm|Sea ring
1785715875703,75553,Bat,Sonar Central,1,24,18,12,19,10,1,0,64,2,11,1,11,3,0,1,Swift sword,Swift sword|Farmer armor|Merchant helm|Sea ring
1785715876229,75553,Bat,Sonar Central,1,24,18,12,19,10,1,0,64,2,11,1,11,3,0,1,Swift sword,Swift sword|Farmer armor|Merchant helm|Sea ring
1785715876844,75553,Bat,Sonar Central,1,23,18,12,19,10,1,0,64,2,11,1,11,3,0,1,Swift sword,Swift sword|Farmer armor|Merchant helm|Sea ring
1785715877477,75553,Bat,Sonar Central,0,0,18,12,19,10,1,0,64,2,11,1,11,3,0,1,Swift sword,Swift sword|Farmer armor|Merchant helm|Sea ring
1785715878005,75553,Bat,Sonar Central,0,0,18,12,19,10,1,0,64,2,11,1,11,3,0,1,Swift sword,Swift sword|Farmer armor|Merchant helm|Sea ring
1785715878619,75553,Bat,Sonar Central,0,0,18,12,19,10,1,0,64,2,11,1,11,3,0,1,Swift sword,Swift sword|Farmer armor|Merchant helm|Sea ring
1785715879233,75553,Bat,Sonar Central,1,23,18,12,19,10,1,0,64,2,11,1,11,3,0,1,Swift sword,Swift sword|Farmer armor|Merchant helm|Sea ring
1785715879760,75553,Bat,Sonar Central,1,23,18,12,19,10,1,0,64,2,11,1,11,3,0,1,Swift sword,Swift sword|Farmer armor|Merchant helm|Sea ring
1785715880373,75553,Bat,Sonar Central,1,26,18,12,19,10,1,0,64,2,11,1,11,3,0,1,Swift sword,Swift sword|Farmer armor|Merchant helm|Sea ring
1785715880989,75553,Bat,Sonar Central,1,23,18,12,19,10,1,0,64,2,11,1,11,3,0,1,Swift sword,Swift sword|Farmer armor|Merchant helm|Sea ring
1785715881518,75553,Bat,Sonar Central,0,0,18,12,19,10,1,0,64,2,11,1,11,3,0,1,Swift sword,Swift sword|Farmer armor|Merchant helm|Sea ring
1785715882149,75553,Bat,Sonar Central,1,26,18,12,19,10,1,0,64,2,11,1,11,3,0,1,Swift sword,Swift sword|Farmer armor|Merchant helm|Sea ring
1785715882765,75553,Bat,Sonar Central,0,0,18,12,19,10,1,0,64,2,11,1,11,3,0,1,Swift sword,Swift sword|Farmer armor|Merchant helm|Sea ring
1785715883294,75553,Bat,Sonar Central,1,26,18,12,19,10,1,0,64,2,11,1,11,3,0,1,Swift sword,Swift sword|Farmer armor|Merchant helm|Sea ring
1785715883906,75553,Bat,Sonar Central,1,26,18,12,19,10,1,0,64,2,11,1,11,3,0,1,Swift sword,Swift sword|Farmer armor|Merchant helm|Sea ring
1785715884521,75553,Bat,Sonar Central,1,23,18,12,19,10,1,0,64,2,11,1,11,3,0,1,Swift sword,Swift sword|Farmer armor|Merchant helm|Sea ring
1785715885048,75553,Bat,Sonar Central,1,23,18,12,19,10,1,0,64,2,11,1,11,3,0,1,Swift sword,Swift sword|Farmer armor|Merchant helm|Sea ring
1785715885661,75553,Bat,Sonar Central,1,24,18,12,19,10,1,0,64,2,11,1,11,3,0,1,Swift sword,Swift sword|Farmer armor|Merchant helm|Sea ring
1785715886295,75553,Bat,Sonar Central,0,0,18,12,19,10,1,0,64,2,11,1,11,3,0,1,Swift sword,Swift sword|Farmer armor|Merchant helm|Sea ring
1785715886823,75553,Bat,Sonar Central,0,0,18,12,19,10,1,0,64,2,11,1,11,3,0,1,Swift sword,Swift sword|Farmer armor|Merchant helm|Sea ring
1785715887437,75553,Bat,Sonar Central,0,0,18,12,19,10,1,0,64,2,11,1,11,3,0,1,Swift sword,Swift sword|Farmer armor|Merchant helm|Sea ring
1785715888050,75553,Bat,Sonar Central,0,0,18,12,19,10,1,0,64,2,11,1,11,3,0,1,Swift sword,Swift sword|Farmer armor|Merchant helm|Sea ring
1785715888578,75553,Bat,Sonar Central,1,24,18,12,19,10,1,0,64,2,11,1,11,3,0,1,Swift sword,Swift sword|Farmer armor|Merchant helm|Sea ring
1785715889359,75553,Bat,Sonar Central,1,26,18,12,19,10,1,0,64,2,11,1,11,3,0,1,Swift sword,Swift sword|Farmer armor|Merchant helm|Sea ring
1785715889885,75553,Bat,Sonar Central,0,0,18,12,19,10,1,0,64,2,11,1,11,3,0,1,Swift sword,Swift sword|Farmer armor|Merchant helm|Sea ring
1785715890497,75553,Bat,Sonar Central,0,0,18,12,19,10,1,0,64,2,11,1,11,3,0,1,Swift sword,Swift sword|Farmer armor|Merchant helm|Sea ring
1785715891132,75553,Bat,Sonar Central,1,24,18,12,19,10,1,0,64,2,11,1,11,3,0,1,Swift sword,Swift sword|Farmer armor|Merchant helm|Sea ring
1785715891658,75553,Bat,Sonar Central,1,23,18,12,19,10,1,0,64,2,11,1,11,3,0,1,Swift sword,Swift sword|Farmer armor|Merchant helm|Sea ring
1785715892271,75553,Bat,Sonar Central,1,26,18,12,19,10,1,0,64,2,11,1,11,3,0,1,Swift sword,Swift sword|Farmer armor|Merchant helm|Sea ring
1785715892889,75553,Bat,Sonar Central,0,0,18,12,19,10,1,0,64,2,11,1,11,3,0,1,Swift sword,Swift sword|Farmer armor|Merchant helm|Sea ring
1785715893416,75553,Bat,Sonar Central,0,0,18,12,19,10,1,0,64,2,11,1,11,3,0,1,Swift sword,Swift sword|Farmer armor|Merchant helm|Sea ring
1785715894028,75553,Bat,Sonar Central,1,23,18,12,19,10,1,0,64,2,11,1,11,3,0,1,Swift sword,Swift sword|Farmer armor|Merchant helm|Sea ring
1785715894643,75553,Bat,Sonar Central,1,23,18,12,19,10,1,0,64,2,11,1,11,3,0,1,Swift sword,Swift sword|Farmer armor|Merchant helm|Sea ring
1785715895172,75553,Bat,Sonar Central,1,27,18,12,19,10,1,0,64,2,11,1,11,3,0,1,Swift sword,Swift sword|Farmer armor|Merchant helm|Sea ring
1785715895673,75553,Bat,Sonar Central,1,23,18,12,19,10,1,0,64,2,11,1,11,3,0,1,Swift sword,Swift sword|Farmer armor|Merchant helm|Sea ring
1785715896419,75553,Bat,Sonar Central,0,0,18,12,19,10,1,0,64,2,11,1,11,3,0,1,Swift sword,Swift sword|Farmer armor|Merchant helm|Sea ring
1785715896948,75553,Bat,Sonar Central,1,24,18,12,19,10,1,0,64,2,11,1,11,3,0,1,Swift sword,Swift sword|Farmer armor|Merchant helm|Sea ring
1785715897780,75553,Bat,Sonar Central,0,0,18,12,19,10,1,0,64,2,11,1,11,3,0,1,Swift sword,Swift sword|Farmer armor|Merchant helm|Sea ring
1785715898987,75553,Bat,Sonar Central,0,0,18,12,19,10,1,0,64,2,11,1,11,3,0,1,Swift sword,Swift sword|Farmer armor|Merchant helm|Sea ring
1785715900093,75553,Bat,Sonar Central,0,0,18,12,19,10,1,0,64,1,11,1,11,3,1,0,Swift sword,Swift sword|Farmer armor|Merchant helm|Sea ring
1785715900947,75553,Bat,Sonar Central,0,0,18,12,19,10,1,0,64,1,11,1,11,1,1,0,Swift sword,Swift sword|Farmer armor|Merchant helm|Sea ring
1785716135806,620134,Bat,Sonar Central,0,0,18,15,19,10,1,0,64,2,13,2,14,2,0,1,Swift sword,Swift sword|Farmer armor|Merchant helm|Sea ring
1785716136333,620134,Bat,Sonar Central,0,0,18,15,19,10,1,0,64,2,13,2,14,2,0,1,Swift sword,Swift sword|Farmer armor|Merchant helm|Sea ring
1785716136904,620134,Bat,Sonar Central,0,0,18,15,19,10,1,0,64,3,13,3,14,2,0,1,Swift sword,Swift sword|Farmer armor|Merchant helm|Sea ring
1785716137656,620134,Bat,Sonar Central,0,0,18,15,19,10,1,0,64,3,13,3,14,2,0,1,Swift sword,Swift sword|Farmer armor|Merchant helm|Sea ring
1785716138182,620134,Bat,Sonar Central,0,0,18,15,19,10,1,0,64,3,13,3,14,2,0,1,Swift sword,Swift sword|Farmer armor|Merchant helm|Sea ring
1785716138755,620134,Bat,Sonar Central,0,0,18,15,19,10,1,0,64,4,13,4,14,2,0,1,Swift sword,Swift sword|Farmer armor|Merchant helm|Sea ring
1785716139282,620134,Bat,Sonar Central,0,0,18,15,19,10,1,0,64,4,13,4,14,2,0,1,Swift sword,Swift sword|Farmer armor|Merchant helm|Sea ring
1785716139897,620134,Bat,Sonar Central,0,0,18,15,19,10,1,0,64,4,13,4,14,2,0,1,Swift sword,Swift sword|Farmer armor|Merchant helm|Sea ring
1785716140731,620134,Bat,Sonar Central,0,0,18,15,19,10,1,0,64,5,13,5,14,2,0,1,Swift sword,Swift sword|Farmer armor|Merchant helm|Sea ring
1785716141259,620134,Bat,Sonar Central,0,0,18,15,19,10,1,0,64,5,13,5,14,2,0,1,Swift sword,Swift sword|Farmer armor|Merchant helm|Sea ring
1785716141875,620134,Bat,Sonar Central,1,26,18,15,19,10,1,0,64,5,13,5,14,2,0,1,Swift sword,Swift sword|Farmer armor|Merchant helm|Sea ring
1785716142497,620134,Bat,Sonar Central,1,23,18,15,19,10,1,0,64,5,13,5,14,2,0,1,Swift sword,Swift sword|Farmer armor|Merchant helm|Sea ring
1785716143024,620134,Bat,Sonar Central,0,0,18,15,19,10,1,0,64,5,13,5,14,2,0,1,Swift sword,Swift sword|Farmer armor|Merchant helm|Sea ring
1785716143638,620134,Bat,Sonar Central,0,0,18,15,19,10,1,0,64,5,13,5,14,2,0,1,Swift sword,Swift sword|Farmer armor|Merchant helm|Sea ring
1785716144251,620134,Bat,Sonar Central,0,0,18,15,19,10,1,0,64,5,13,5,14,2,0,1,Swift sword,Swift sword|Farmer armor|Merchant helm|Sea ring
1785716144778,620134,Bat,Sonar Central,0,0,18,15,19,10,1,0,64,5,13,5,14,2,0,1,Swift sword,Swift sword|Farmer armor|Merchant helm|Sea ring
1785716145392,620134,Bat,Sonar Central,1,23,18,15,19,10,1,0,64,5,13,5,14,2,0,1,Swift sword,Swift sword|Farmer armor|Merchant helm|Sea ring
1785716146005,620134,Bat,Sonar Central,0,0,18,15,19,10,1,0,64,5,13,5,14,2,0,1,Swift sword,Swift sword|Farmer armor|Merchant helm|Sea ring
1785716146533,620134,Bat,Sonar Central,0,0,18,15,19,10,1,0,64,5,13,5,14,2,0,1,Swift sword,Swift sword|Farmer armor|Merchant helm|Sea ring
1785716147032,620134,Bat,Sonar Central,1,23,18,15,19,10,1,0,64,5,13,5,14,2,0,1,Swift sword,Swift sword|Farmer armor|Merchant helm|Sea ring
1785716147778,620134,Bat,Sonar Central,1,27,18,15,19,10,1,0,64,5,13,5,14,2,0,1,Swift sword,Swift sword|Farmer armor|Merchant helm|Sea ring
1785716148305,620134,Bat,Sonar Central,1,27,18,15,19,10,1,0,64,5,13,5,14,2,0,1,Swift sword,Swift sword|Farmer armor|Merchant helm|Sea ring
1785716148922,620134,Bat,Sonar Central,1,27,18,15,19,10,1,0,64,5,13,5,14,2,0,1,Swift sword,Swift sword|Farmer armor|Merchant helm|Sea ring
1785716149535,620134,Bat,Sonar Central,0,0,18,15,19,10,1,0,64,5,13,5,14,2,0,1,Swift sword,Swift sword|Farmer armor|Merchant helm|Sea ring
1785716150061,620134,Bat,Sonar Central,1,23,18,15,19,10,1,0,64,5,13,5,14,2,0,1,Swift sword,Swift sword|Farmer armor|Merchant helm|Sea ring
1785716150677,620134,Bat,Sonar Central,1,23,18,15,19,10,1,0,64,5,13,5,14,2,0,1,Swift sword,Swift sword|Farmer armor|Merchant helm|Sea ring
1785716151308,620134,Bat,Sonar Central,0,0,18,15,19,10,1,0,64,5,13,5,14,2,0,1,Swift sword,Swift sword|Farmer armor|Merchant helm|Sea ring
1785716151835,620134,Bat,Sonar Central,0,0,18,15,19,10,1,0,64,5,13,5,14,2,0,1,Swift sword,Swift sword|Farmer armor|Merchant helm|Sea ring
1785716152450,620134,Bat,Sonar Central,1,25,18,15,19,10,1,0,64,5,13,5,14,2,0,1,Swift sword,Swift sword|Farmer armor|Merchant helm|Sea ring
1785716153064,620134,Bat,Sonar Central,1,23,18,15,19,10,1,0,64,5,13,5,14,2,0,1,Swift sword,Swift sword|Farmer armor|Merchant helm|Sea ring
1785716153592,620134,Bat,Sonar Central,1,26,18,15,19,10,1,0,64,5,13,5,14,2,0,1,Swift sword,Swift sword|Farmer armor|Merchant helm|Sea ring
1785716154210,620134,Bat,Sonar Central,0,0,18,15,19,10,1,0,64,5,13,5,14,2,0,1,Swift sword,Swift sword|Farmer armor|Merchant helm|Sea ring
1785716154825,620134,Bat,Sonar Central,1,23,18,15,19,10,1,0,64,5,13,5,14,2,0,1,Swift sword,Swift sword|Farmer armor|Merchant helm|Sea ring
1785716155352,620134,Bat,Sonar Central,1,23,18,15,19,10,1,0,64,5,13,5,14,2,0,1,Swift sword,Swift sword|Farmer armor|Merchant helm|Sea ring
1785716155981,620134,Bat,Sonar Central,0,0,18,15,19,10,1,0,64,5,13,5,14,2,0,1,Swift sword,Swift sword|Farmer armor|Merchant helm|Sea ring
1785716156594,620134,Bat,Sonar Central,1,26,18,15,19,10,1,0,64,5,13,5,14,2,0,1,Swift sword,Swift sword|Farmer armor|Merchant helm|Sea ring
1785716157123,620134,Bat,Sonar Central,1,69,18,15,19,10,1,0,64,5,13,5,14,2,0,1,Swift sword,Swift sword|Farmer armor|Merchant helm|Sea ring
1785716157739,620134,Bat,Sonar Central,1,69,18,15,19,10,1,0,64,5,13,5,14,2,0,1,Swift sword,Swift sword|Farmer armor|Merchant helm|Sea ring
1785716158356,620134,Bat,Sonar Central,0,0,18,15,19,10,1,0,64,5,13,5,14,2,0,1,Swift sword,Swift sword|Farmer armor|Merchant helm|Sea ring
1785716158881,620134,Bat,Sonar Central,0,0,18,15,19,10,1,0,64,5,13,5,14,2,0,1,Swift sword,Swift sword|Farmer armor|Merchant helm|Sea ring
1785716159494,620134,Bat,Sonar Central,0,0,18,15,19,10,1,0,64,5,13,5,14,2,0,1,Swift sword,Swift sword|Farmer armor|Merchant helm|Sea ring
1785716160127,620134,Bat,Sonar Central,1,23,18,15,19,10,1,0,64,5,13,5,14,2,0,1,Swift sword,Swift sword|Farmer armor|Merchant helm|Sea ring
1785716160654,620134,Bat,Sonar Central,1,25,18,15,19,10,1,0,64,5,13,5,14,2,0,1,Swift sword,Swift sword|Farmer armor|Merchant helm|Sea ring
1785716161269,620134,Bat,Sonar Central,1,26,18,15,19,10,1,0,64,5,13,5,14,2,0,1,Swift sword,Swift sword|Farmer armor|Merchant helm|Sea ring
1785716161881,620134,Bat,Sonar Central,1,25,18,15,19,10,1,0,64,5,13,5,14,2,0,1,Swift sword,Swift sword|Farmer armor|Merchant helm|Sea ring
1785716162410,620134,Bat,Sonar Central,0,0,18,15,19,10,1,0,64,5,13,5,14,2,0,1,Swift sword,Swift sword|Farmer armor|Merchant helm|Sea ring
1785716163025,620134,Bat,Sonar Central,0,0,18,15,19,10,1,0,64,5,13,5,14,2,0,1,Swift sword,Swift sword|Farmer armor|Merchant helm|Sea ring
1785716163638,620134,Bat,Sonar Central,1,25,18,15,19,10,1,0,64,5,13,5,14,2,0,1,Swift sword,Swift sword|Farmer armor|Merchant helm|Sea ring
1785716164165,620134,Bat,Sonar Central,1,25,18,15,19,10,1,0,64,5,13,5,14,2,0,1,Swift sword,Swift sword|Farmer armor|Merchant helm|Sea ring
1785716164797,620134,Bat,Sonar Central,1,25,18,15,19,10,1,0,64,5,13,5,14,2,0,1,Swift sword,Swift sword|Farmer armor|Merchant helm|Sea ring
1785716165413,620134,Bat,Sonar Central,1,24,18,15,19,10,1,0,64,5,13,5,14,2,0,1,Swift sword,Swift sword|Farmer armor|Merchant helm|Sea ring
1785716165940,620134,Bat,Sonar Central,1,24,18,15,19,10,1,0,64,5,13,5,14,2,0,1,Swift sword,Swift sword|Farmer armor|Merchant helm|Sea ring
1785716166555,620134,Bat,Sonar Central,1,27,18,15,19,10,1,0,64,5,13,5,14,2,0,1,Swift sword,Swift sword|Farmer armor|Merchant helm|Sea ring
1785716167168,620134,Bat,Sonar Central,0,0,18,12,19,10,1,0,64,5,13,5,14,2,0,1,Swift sword,Swift sword|Farmer armor|Merchant helm|Sea ring
1785716167695,620134,Bat,Sonar Central,1,24,18,12,19,10,1,0,64,5,13,5,14,2,0,1,Swift sword,Swift sword|Farmer armor|Merchant helm|Sea ring
1785716168310,620134,Bat,Sonar Central,1,24,18,12,19,10,1,0,64,5,13,5,14,2,0,1,Swift sword,Swift sword|Farmer armor|Merchant helm|Sea ring
1785716168943,620134,Bat,Sonar Central,1,26,18,12,19,10,1,0,64,5,13,5,14,2,0,1,Swift sword,Swift sword|Farmer armor|Merchant helm|Sea ring
1785716169470,620134,Bat,Sonar Central,0,0,18,12,19,10,1,0,64,5,13,5,14,2,0,1,Swift sword,Swift sword|Farmer armor|Merchant helm|Sea ring
1785716170086,620134,Bat,Sonar Central,1,23,18,12,19,10,1,0,64,5,13,5,14,2,0,1,Swift sword,Swift sword|Farmer armor|Merchant helm|Sea ring
1785716170700,620134,Bat,Sonar Central,0,0,18,12,19,10,1,0,64,5,13,5,14,2,0,1,Swift sword,Swift sword|Farmer armor|Merchant helm|Sea ring
1785716171227,620134,Bat,Sonar Central,0,0,18,12,19,10,1,0,64,5,13,5,14,2,0,1,Swift sword,Swift sword|Farmer armor|Merchant helm|Sea ring
1785716171843,620134,Bat,Sonar Central,1,23,18,12,19,10,1,0,64,5,13,5,14,2,0,1,Swift sword,Swift sword|Farmer armor|Merchant helm|Sea ring
1785716172454,620134,Bat,Sonar Central,0,0,18,12,19,10,1,0,64,5,13,5,14,2,0,1,Swift sword,Swift sword|Farmer armor|Merchant helm|Sea ring
1785716172980,620134,Bat,Sonar Central,0,0,18,12,19,10,1,0,64,5,13,5,14,2,0,1,Swift sword,Swift sword|Farmer armor|Merchant helm|Sea ring
1785716173482,620134,Bat,Sonar Central,0,0,18,12,19,10,1,0,64,5,13,5,14,2,0,1,Swift sword,Swift sword|Farmer armor|Merchant helm|Sea ring
1785716174226,620134,Bat,Sonar Central,1,26,18,12,19,10,1,0,64,5,13,5,14,2,0,1,Swift sword,Swift sword|Farmer armor|Merchant helm|Sea ring
1785716174755,620134,Bat,Sonar Central,1,26,18,12,19,10,1,0,64,5,13,5,14,2,0,1,Swift sword,Swift sword|Farmer armor|Merchant helm|Sea ring
1785716175371,620134,Bat,Sonar Central,1,23,18,12,19,10,1,0,64,5,13,5,14,2,0,1,Swift sword,Swift sword|Farmer armor|Merchant helm|Sea ring
1785716175981,620134,Bat,Sonar Central,1,23,18,12,19,10,1,0,64,5,13,5,14,2,0,1,Swift sword,Swift sword|Farmer armor|Merchant helm|Sea ring
1785716176509,620134,Bat,Sonar Central,0,0,18,12,19,10,1,0,64,5,13,5,14,2,0,1,Swift sword,Swift sword|Farmer armor|Merchant helm|Sea ring
1785716177126,620134,Bat,Sonar Central,0,0,18,12,19,10,1,0,64,5,13,5,14,2,0,1,Swift sword,Swift sword|Farmer armor|Merchant helm|Sea ring
1785716177757,620134,Bat,Sonar Central,1,24,18,12,19,10,1,0,64,5,13,5,14,2,0,1,Swift sword,Swift sword|Farmer armor|Merchant helm|Sea ring
1785716178284,620134,Bat,Sonar Central,1,24,18,12,19,10,1,0,64,5,13,5,14,2,0,1,Swift sword,Swift sword|Farmer armor|Merchant helm|Sea ring
1785716178862,620134,Bat,Sonar Central,0,0,18,12,19,10,1,0,64,5,14,5,14,3,1,0,Swift sword,Swift sword|Farmer armor|Merchant helm|Sea ring
1785716179835,620134,Bat,Sonar Central,0,0,18,12,19,10,1,0,64,4,14,5,14,1,0,1,Swift sword,Swift sword|Farmer armor|Merchant helm|Sea ring
1785716180919,620134,Bat,Sonar Central,0,0,18,12,19,10,1,0,64,5,14,5,14,3,1,0,Swift sword,Swift sword|Farmer armor|Merchant helm|Sea ring
1785716181918,620134,Bat,Sonar Central,0,0,18,12,19,10,1,0,64,4,14,5,14,1,0,1,Swift sword,Swift sword|Farmer armor|Merchant helm|Sea ring
1785716232391,470804,Bat,Rat Race,0,0,18,12,19,10,1,0,64,5,11,4,11,3,0,1,Swift sword,Swift sword|Farmer armor|Merchant helm|Sea ring
1785716232966,470804,Bat,Rat Race,0,0,18,12,19,10,1,0,64,5,11,4,11,0,1,1,Swift sword,Swift sword|Farmer armor|Merchant helm|Sea ring
1785716233933,470804,Bat,Rat Race,0,0,18,12,19,10,1,0,64,5,12,5,11,0,0,1,Swift sword,Swift sword|Farmer armor|Merchant helm|Sea ring
1785716234459,470804,Bat,Rat Race,0,0,18,12,19,10,1,0,64,5,12,5,11,0,0,1,Swift sword,Swift sword|Farmer armor|Merchant helm|Sea ring
1785716235075,470804,Bat,Rat Race,1,31,18,12,19,10,1,0,64,5,12,5,11,0,0,1,Swift sword,Swift sword|Farmer armor|Merchant helm|Sea ring
1785716235689,470804,Bat,Rat Race,1,29,18,12,19,10,1,0,64,5,12,5,11,0,0,1,Swift sword,Swift sword|Farmer armor|Merchant helm|Sea ring
1785716236216,470804,Bat,Rat Race,1,29,18,12,19,10,1,0,64,5,12,5,11,0,0,1,Swift sword,Swift sword|Farmer armor|Merchant helm|Sea ring
1785716236931,470804,Bat,Rat Race,0,0,18,12,19,10,1,0,64,5,12,5,11,0,0,1,Swift sword,Swift sword|Farmer armor|Merchant helm|Sea ring
1785716239663,506257,,Rat Race,0,0,18,12,19,10,1,0,64,5,13,6,13,1,0,1,Swift sword,Swift sword|Farmer armor|Merchant helm|Sea ring
1785716240192,506257,,Rat Race,1,29,18,12,19,10,1,0,64,5,13,6,13,1,0,1,Swift sword,Swift sword|Farmer armor|Merchant helm|Sea ring
1785716240808,506257,Large centipede,Rat Race,1,29,18,12,19,10,1,0,64,5,13,6,13,1,0,1,Swift sword,Swift sword|Farmer armor|Merchant helm|Sea ring
1785716241439,506257,Large centipede,Rat Race,1,26,18,12,19,10,1,0,64,5,13,6,13,1,0,1,Swift sword,Swift sword|Farmer armor|Merchant helm|Sea ring
1785716241966,506257,Large centipede,Rat Race,1,29,18,12,19,10,1,0,64,5,13,6,13,1,0,1,Swift sword,Swift sword|Farmer armor|Merchant helm|Sea ring
1785716242582,506257,Large centipede,Rat Race,0,0,18,12,19,10,1,0,64,5,13,6,13,1,0,1,Swift sword,Swift sword|Farmer armor|Merchant helm|Sea ring
1785716243195,506257,Large centipede,Rat Race,1,29,18,12,19,10,1,0,64,5,13,6,13,1,0,1,Swift sword,Swift sword|Farmer armor|Merchant helm|Sea ring
1785716243724,506257,Large centipede,Rat Race,1,29,18,12,19,10,1,0,64,5,13,6,13,1,0,1,Swift sword,Swift sword|Farmer armor|Merchant helm|Sea ring
1785716244425,506257,Large centipede,Rat Race,0,0,18,12,19,10,1,0,64,5,13,6,13,1,0,1,Swift sword,Swift sword|Farmer armor|Merchant helm|Sea ring
1785716264164,530591,Rat,Rat Race,1,28,18,12,19,10,1,3,54,6,19,5,19,3,0,1,Swift sword,Swift sword|Farmer armor|Merchant helm|Black ring|Sea ring
1785716264692,530591,Rat,Rat Race,1,29,18,12,19,10,1,3,54,6,19,5,19,3,0,1,Swift sword,Swift sword|Farmer armor|Merchant helm|Black ring|Sea ring
1785716265310,530591,Rat,Rat Race,1,25,18,12,19,10,1,3,54,6,19,5,19,3,0,1,Swift sword,Swift sword|Farmer armor|Merchant helm|Black ring|Sea ring
1785716265937,530591,Rat,Rat Race,1,28,18,12,19,10,1,3,54,6,19,5,19,3,0,1,Swift sword,Swift sword|Farmer armor|Merchant helm|Black ring|Sea ring
1785716266683,530591,Rat,Rat Race,0,0,18,12,19,10,1,3,54,6,19,5,19,3,0,1,Swift sword,Swift sword|Farmer armor|Merchant helm|Black ring|Sea ring
1785716268067,561687,,Rat Race,0,0,18,12,19,10,1,3,54,4,19,4,20,2,0,1,Swift sword,Swift sword|Farmer armor|Merchant helm|Black ring|Sea ring
1785716268593,561687,,Rat Race,0,0,18,12,19,10,1,3,54,4,19,4,20,2,0,1,Swift sword,Swift sword|Farmer armor|Merchant helm|Black ring|Sea ring
1785716269295,561687,Mouse,Rat Race,0,0,18,12,19,10,1,3,54,4,19,4,20,2,0,1,Swift sword,Swift sword|Farmer armor|Merchant helm|Black ring|Sea ring
1785716269822,561687,Mouse,Rat Race,0,0,18,12,19,10,1,3,54,4,19,4,20,2,0,1,Swift sword,Swift sword|Farmer armor|Merchant helm|Black ring|Sea ring
1785716270408,561687,Mouse,Rat Race,0,0,18,12,19,10,1,3,54,5,19,5,20,2,0,1,Swift sword,Swift sword|Farmer armor|Merchant helm|Black ring|Sea ring
1785716270937,561687,Mouse,Rat Race,0,0,18,12,19,10,1,3,54,5,19,5,20,2,0,1,Swift sword,Swift sword|Farmer armor|Merchant helm|Black ring|Sea ring
1785716271553,561687,Mouse,Rat Race,0,0,18,12,19,10,1,3,54,5,19,5,20,2,0,1,Swift sword,Swift sword|Farmer armor|Merchant helm|Black ring|Sea ring
1785716272166,561687,Mouse,Rat Race,0,0,18,12,19,10,1,3,54,5,19,5,20,2,0,1,Swift sword,Swift sword|Farmer armor|Merchant helm|Black ring|Sea ring
1785716272693,561687,Mouse,Rat Race,0,0,18,12,19,10,1,3,54,5,19,5,20,2,0,1,Swift sword,Swift sword|Farmer armor|Merchant helm|Black ring|Sea ring
1785716273265,561687,Mouse,Rat Race,0,0,18,12,19,10,1,3,54,6,19,6,20,2,0,1,Swift sword,Swift sword|Farmer armor|Merchant helm|Black ring|Sea ring
1785716273795,561687,Mouse,Rat Race,1,31,18,12,19,10,1,3,54,6,19,6,20,2,0,1,Swift sword,Swift sword|Farmer armor|Merchant helm|Black ring|Sea ring
1785716274410,561687,Mouse,Rat Race,1,31,18,12,19,10,1,3,54,6,19,6,20,2,0,1,Swift sword,Swift sword|Farmer armor|Merchant helm|Black ring|Sea ring
1785716275041,561687,Mouse,Rat Race,0,0,18,12,19,10,1,3,54,6,19,6,20,2,0,1,Swift sword,Swift sword|Farmer armor|Merchant helm|Black ring|Sea ring
1785716275570,561687,Mouse,Rat Race,1,31,18,12,19,10,1,3,54,6,19,6,20,2,0,1,Swift sword,Swift sword|Farmer armor|Merchant helm|Black ring|Sea ring
1785716276270,561687,Mouse,Rat Race,0,0,18,12,19,10,1,3,54,6,19,6,20,2,0,1,Swift sword,Swift sword|Farmer armor|Merchant helm|Black ring|Sea ring
1785716277476,510427,,Rat Race,0,0,18,12,19,10,1,3,54,6,19,5,19,3,0,1,Swift sword,Swift sword|Farmer armor|Merchant helm|Black ring|Sea ring
1785716278008,510427,,Rat Race,0,0,18,12,19,10,1,3,54,6,19,5,19,3,0,1,Swift sword,Swift sword|Farmer armor|Merchant helm|Black ring|Sea ring
1785716278624,510427,,Rat Race,1,26,18,12,19,10,1,3,54,6,19,5,19,3,0,1,Swift sword,Swift sword|Farmer armor|Merchant helm|Black ring|Sea ring
1785716279262,510427,Large centipede,Rat Race,1,28,18,12,19,10,1,3,54,6,19,5,19,3,0,1,Swift sword,Swift sword|Farmer armor|Merchant helm|Black ring|Sea ring
1785716279789,510427,Large centipede,Rat Race,1,25,18,12,19,10,1,3,54,6,19,5,19,3,0,1,Swift sword,Swift sword|Farmer armor|Merchant helm|Black ring|Sea ring
1785716280406,510427,Large centipede,Rat Race,1,25,18,12,19,10,1,3,54,6,19,5,19,3,0,1,Swift sword,Swift sword|Farmer armor|Merchant helm|Black ring|Sea ring
1785716281807,510427,Large centipede,Rat Race,1,27,18,15,19,10,1,3,54,6,19,5,19,3,0,1,Swift sword,Swift sword|Farmer armor|Merchant helm|Black ring|Sea ring
1785716282521,510427,Large centipede,Rat Race,0,0,18,15,19,10,1,3,54,5,19,5,19,1,1,0,Swift sword,Swift sword|Farmer armor|Merchant helm|Black ring|Sea ring
1785716283519,510427,Large centipede,Rat Race,0,0,18,15,19,10,1,3,54,6,19,5,19,3,0,1,Swift sword,Swift sword|Farmer armor|Merchant helm|Black ring|Sea ring
1785716284605,510427,Large centipede,Rat Race,0,0,18,15,19,10,1,3,54,5,19,5,19,3,1,0,Swift sword,Swift sword|Farmer armor|Merchant helm|Black ring|Sea ring
1785716285460,510427,Large centipede,Rat Race,0,0,18,15,19,10,1,3,54,5,19,5,19,0,1,0,Swift sword,Swift sword|Farmer armor|Merchant helm|Black ring|Sea ring
1785716286435,530768,,Rat Race,0,0,18,15,19,10,1,3,54,5,19,5,20,2,0,1,Swift sword,Swift sword|Farmer armor|Merchant helm|Black ring|Sea ring
1785716286950,530768,Large centipede,Rat Race,0,0,18,15,19,10,1,3,54,5,19,5,20,2,0,1,Swift sword,Swift sword|Farmer armor|Merchant helm|Black ring|Sea ring
1785716287958,509904,Large centipede,Rat Race,0,0,18,15,19,10,1,3,54,4,19,4,20,2,0,1,Swift sword,Swift sword|Farmer armor|Merchant helm|Black ring|Sea ring
1785716288475,509904,Large centipede,Rat Race,0,0,18,15,19,10,1,3,54,4,19,4,20,2,0,1,Swift sword,Swift sword|Farmer armor|Merchant helm|Black ring|Sea ring
1785716289477,509904,Large centipede,Rat Race,0,0,18,15,19,10,1,3,54,4,20,4,21,2,0,1,Swift sword,Swift sword|Farmer armor|Merchant helm|Black ring|Sea ring
1785716290008,509904,Large centipede,Rat Race,1,54,18,15,19,10,1,3,54,4,20,4,21,2,0,1,Swift sword,Swift sword|Farmer armor|Merchant helm|Black ring|Sea ring
1785716290743,509904,Large centipede,Rat Race,0,0,18,15,19,10,1,3,54,4,20,4,21,2,0,1,Swift sword,Swift sword|Farmer armor|Merchant helm|Black ring|Sea ring
1785716293137,504899,Large centipede,Rat Race,0,0,18,15,19,10,1,3,54,5,22,5,23,2,0,1,Swift sword,Swift sword|Farmer armor|Merchant helm|Black ring|Sea ring
1785716293666,504899,Large centipede,Rat Race,0,0,18,15,19,10,1,3,54,5,22,5,23,2,0,1,Swift sword,Swift sword|Farmer armor|Merchant helm|Black ring|Sea ring
1785716294279,504899,Large centipede,Rat Race,0,0,18,15,19,10,1,3,54,5,22,5,23,2,0,1,Swift sword,Swift sword|Farmer armor|Merchant helm|Black ring|Sea ring
1785716294892,504899,Large centipede,Rat Race,0,0,18,15,19,10,1,3,54,5,22,5,23,2,0,1,Swift sword,Swift sword|Farmer armor|Merchant helm|Black ring|Sea ring
1785716295420,504899,Large centipede,Rat Race,0,0,18,15,19,10,1,3,54,5,22,5,23,2,0,1,Swift sword,Swift sword|Farmer armor|Merchant helm|Black ring|Sea ring
1785716296035,504899,Large centipede,Rat Race,0,0,18,15,19,10,1,3,54,5,22,5,23,2,0,1,Swift sword,Swift sword|Farmer armor|Merchant helm|Black ring|Sea ring
1785716296876,504899,Large centipede,Rat Race,0,0,18,15,19,10,1,3,54,4,22,4,23,2,0,1,Swift sword,Swift sword|Farmer armor|Merchant helm|Black ring|Sea ring
1785716297405,504899,Large centipede,Rat Race,0,0,18,15,19,10,1,3,54,4,22,4,23,2,0,1,Swift sword,Swift sword|Farmer armor|Merchant helm|Black ring|Sea ring
1785716298018,504899,Large centipede,Rat Race,0,0,18,15,19,10,1,3,54,4,22,4,23,2,0,1,Swift sword,Swift sword|Farmer armor|Merchant helm|Black ring|Sea ring
1785716298632,504899,Large centipede,Rat Race,0,0,18,15,19,10,1,3,54,4,22,4,24,2,1,2,Swift sword,Swift sword|Farmer armor|Merchant helm|Black ring|Sea ring
1785716299332,504899,Large centipede,Rat Race,1,56,18,15,19,10,1,3,54,4,23,4,24,2,0,1,Swift sword,Swift sword|Farmer armor|Merchant helm|Black ring|Sea ring
1785716299860,504899,Large centipede,Rat Race,1,56,18,15,19,10,1,3,54,4,23,4,24,2,0,1,Swift sword,Swift sword|Farmer armor|Merchant helm|Black ring|Sea ring
1785716300398,504899,Large centipede,Rat Race,0,0,18,15,19,10,1,3,54,4,24,4,24,2,1,0,Swift sword,Swift sword|Farmer armor|Merchant helm|Black ring|Sea ring
1785716304019,306169,Mouse,Rat Race,0,0,18,15,19,10,1,3,54,3,21,2,21,3,0,1,Swift sword,Swift sword|Farmer armor|Merchant helm|Black ring|Sea ring
1785716304546,306169,Mouse,Rat Race,0,0,18,15,19,10,1,3,54,3,21,2,21,3,0,1,Swift sword,Swift sword|Farmer armor|Merchant helm|Black ring|Sea ring
1785716305245,306169,Mouse,Rat Race,0,0,18,15,19,10,1,3,54,3,21,2,21,3,0,1,Swift sword,Swift sword|Farmer armor|Merchant helm|Black ring|Sea ring
1785716305771,306169,Mouse,Rat Race,1,57,18,15,19,10,1,3,54,3,21,2,21,3,0,1,Swift sword,Swift sword|Farmer armor|Merchant helm|Black ring|Sea ring
1785716306352,306169,Mouse,Rat Race,1,57,18,15,19,10,1,3,54,2,21,1,21,3,0,1,Swift sword,Swift sword|Farmer armor|Merchant helm|Black ring|Sea ring
1785716306881,306169,Mouse,Rat Race,1,60,18,15,19,10,1,3,54,2,21,1,21,3,0,1,Swift sword,Swift sword|Farmer armor|Merchant helm|Black ring|Sea ring
1785716307495,306169,Mouse,Rat Race,1,28,18,15,19,10,1,3,54,2,21,1,21,3,0,1,Swift sword,Swift sword|Farmer armor|Merchant helm|Black ring|Sea ring
1785716308109,622997,,Rat Race,0,0,18,15,19,10,1,3,54,2,21,1,21,3,0,1,Swift sword,Swift sword|Farmer armor|Merchant helm|Black ring|Sea ring
1785716308650,306169,Mouse,Rat Race,0,0,18,15,19,10,1,3,54,1,21,1,21,3,1,0,Swift sword,Swift sword|Farmer armor|Merchant helm|Black ring|Sea ring
1785716323621,461253,Large centipede,Rat Race,0,0,18,15,19,10,1,0,64,7,14,8,14,1,0,1,Swift sword,Swift sword|Farmer armor|Merchant helm|Sea ring
1785716324147,461253,Large centipede,Rat Race,0,0,18,15,19,10,1,0,64,7,14,8,14,1,0,1,Swift sword,Swift sword|Farmer armor|Merchant helm|Sea ring
1785716324762,461253,Large centipede,Rat Race,1,27,18,15,19,10,1,0,64,7,14,8,14,1,0,1,Swift sword,Swift sword|Farmer armor|Merchant helm|Sea ring
1785716325375,461253,Large centipede,Rat Race,1,28,18,15,19,10,1,0,64,7,14,8,14,1,0,1,Swift sword,Swift sword|Farmer armor|Merchant helm|Sea ring
1785716325902,461253,Large centipede,Rat Race,0,0,18,15,19,10,1,0,64,7,14,8,14,1,0,1,Swift sword,Swift sword|Farmer armor|Merchant helm|Sea ring
1785716326531,461253,Large centipede,Rat Race,1,26,18,15,19,10,1,0,64,7,14,8,14,1,0,1,Swift sword,Swift sword|Farmer armor|Merchant helm|Sea ring
1785716327143,461253,Large centipede,Rat Race,0,0,18,15,19,10,1,0,64,7,14,8,14,1,0,1,Swift sword,Swift sword|Farmer armor|Merchant helm|Sea ring
1785716327671,461253,Large centipede,Rat Race,1,27,18,15,19,10,1,0,64,7,14,8,14,1,0,1,Swift sword,Swift sword|Farmer armor|Merchant helm|Sea ring
1785716328368,461253,Large centipede,Rat Race,0,0,18,15,19,10,1,0,64,7,14,8,14,1,0,1,Swift sword,Swift sword|Farmer armor|Merchant helm|Sea ring
1785716329792,530768,Large centipede,Rat Race,0,0,18,15,19,10,1,0,64,9,13,9,11,0,1,2,Swift sword,Swift sword|Farmer armor|Merchant helm|Sea ring
1785716330707,530768,Large centipede,Rat Race,0,0,18,15,19,10,1,0,64,9,12,9,11,0,0,1,Swift sword,Swift sword|Farmer armor|Merchant helm|Sea ring
1785716331236,530768,Large centipede,Rat Race,0,0,18,15,19,10,1,0,64,9,12,9,11,0,0,1,Swift sword,Swift sword|Farmer armor|Merchant helm|Sea ring
1785716331849,530768,Large centipede,Rat Race,1,79,18,15,19,10,1,0,64,9,12,9,11,0,0,1,Swift sword,Swift sword|Farmer armor|Merchant helm|Sea ring
1785716332461,530768,Large centipede,Rat Race,1,79,18,15,19,10,1,0,64,9,12,9,11,0,0,1,Swift sword,Swift sword|Farmer armor|Merchant helm|Sea ring
1785716332989,530768,Large centipede,Rat Race,1,26,18,15,19,10,1,0,64,9,12,9,11,0,0,1,Swift sword,Swift sword|Farmer armor|Merchant helm|Sea ring
1785716333604,530768,Large centipede,Rat Race,0,0,18,15,19,10,1,0,64,9,12,9,11,0,0,1,Swift sword,Swift sword|Farmer armor|Merchant helm|Sea ring
1785716334216,530768,Large centipede,Rat Race,1,28,18,15,19,10,1,0,64,9,12,9,11,0,0,1,Swift sword,Swift sword|Farmer armor|Merchant helm|Sea ring
1785716334845,530768,Large centipede,Rat Race,0,0,18,15,19,10,1,0,64,9,12,9,11,0,0,1,Swift sword,Swift sword|Farmer armor|Merchant helm|Sea ring
1785716335767,60008,,Rat Race,1,30,18,15,19,10,1,0,64,9,11,9,10,0,0,1,Swift sword,Swift sword|Farmer armor|Merchant helm|Sea ring
1785716336295,60008,,Rat Race,1,32,18,15,19,10,1,0,64,9,11,9,10,0,0,1,Swift sword,Swift sword|Farmer armor|Merchant helm|Sea ring
1785716336995,60008,Mouse,Rat Race,0,0,18,15,19,10,1,0,64,9,11,9,10,0,0,1,Swift sword,Swift sword|Farmer armor|Merchant helm|Sea ring
1785716338199,622916,Rat,Rat Race,0,0,18,15,19,10,1,0,64,9,11,8,11,3,0,1,Swift sword,Swift sword|Farmer armor|Merchant helm|Sea ring
1785716338727,622916,Rat,Rat Race,1,28,18,15,19,10,1,0,64,9,11,8,11,3,0,1,Swift sword,Swift sword|Farmer armor|Merchant helm|Sea ring
1785716339232,622916,Rat,Rat Race,0,0,18,15,19,10,1,0,64,9,11,8,11,3,0,1,Swift sword,Swift sword|Farmer armor|Merchant helm|Sea ring
1785716339979,622916,Rat,Rat Race,1,28,18,15,19,10,1,0,64,9,11,8,11,3,0,1,Swift sword,Swift sword|Farmer armor|Merchant helm|Sea ring
1785716340507,622916,Rat,Rat Race,0,0,18,15,19,10,1,0,64,9,11,8,11,3,0,1,Swift sword,Swift sword|Farmer armor|Merchant helm|Sea ring
1785716341123,622916,Rat,Rat Race,1,26,18,15,19,10,1,0,64,9,11,8,11,3,0,1,Swift sword,Swift sword|Farmer armor|Merchant helm|Sea ring
1785716341741,622916,Rat,Rat Race,1,25,18,15,19,10,1,0,64,9,11,8,11,3,0,1,Swift sword,Swift sword|Farmer armor|Merchant helm|Sea ring
1785716342267,622916,Rat,Rat Race,1,29,18,15,19,10,1,0,64,9,11,8,11,3,0,1,Swift sword,Swift sword|Farmer armor|Merchant helm|Sea ring
1785716342964,622916,Rat,Rat Race,0,0,18,15,19,10,1,0,64,9,11,8,11,3,0,1,Swift sword,Swift sword|Farmer armor|Merchant helm|Sea ring
1785716343492,622916,Rat,Rat Race,0,0,18,15,19,10,1,0,64,9,11,8,11,3,0,1,Swift sword,Swift sword|Farmer armor|Merchant helm|Sea ring
1785716344049,622916,Rat,Rat Race,0,0,18,15,19,10,1,0,64,8,11,8,11,3,1,0,Swift sword,Swift sword|Farmer armor|Merchant helm|Sea ring
1785716344660,622916,Rat,Rat Race,0,0,18,15,19,10,1,0,64,8,11,8,11,0,1,0,Swift sword,Swift sword|Farmer armor|Merchant helm|Sea ring
1785716345634,504898,Mouse,Rat Race,1,30,18,15,19,10,1,0,64,9,10,8,10,3,0,1,Swift sword,Swift sword|Farmer armor|Merchant helm|Sea ring
1785716346163,504898,Mouse,Rat Race,1,28,18,15,19,10,1,0,64,9,10,8,10,3,0,1,Swift sword,Swift sword|Farmer armor|Merchant helm|Sea ring
1785716346862,508830,,Rat Race,1,28,18,15,19,10,1,0,64,9,10,9,9,0,0,1,Swift sword,Swift sword|Farmer armor|Merchant helm|Sea ring
1785716347390,508830,,Rat Race,1,26,18,15,19,10,1,0,64,9,10,9,9,0,0,1,Swift sword,Swift sword|Farmer armor|Merchant helm|Sea ring
1785716348005,508830,,Rat Race,1,26,18,15,19,10,1,0,64,9,10,9,9,0,0,1,Swift sword,Swift sword|Farmer armor|Merchant helm|Sea ring
1785716348649,508830,Large centipede,Rat Race,1,28,18,15,19,10,1,0,64,9,10,9,9,0,0,1,Swift sword,Swift sword|Farmer armor|Merchant helm|Sea ring
1785716349178,508830,Large centipede,Rat Race,0,0,18,15,19,10,1,0,64,9,10,9,9,0,0,1,Swift sword,Swift sword|Farmer armor|Merchant helm|Sea ring
1785716349791,508830,Large centipede,Rat Race,0,0,18,15,19,10,1,0,64,9,10,9,9,0,0,1,Swift sword,Swift sword|Farmer armor|Merchant helm|Sea ring
1785716350408,508830,Large centipede,Rat Race,0,0,18,15,19,10,1,0,64,9,10,9,9,0,0,1,Swift sword,Swift sword|Farmer armor|Merchant helm|Sea ring
1785716350937,508830,Large centipede,Rat Race,0,0,18,15,19,10,1,0,64,9,10,9,9,0,0,1,Swift sword,Swift sword|Farmer armor|Merchant helm|Sea ring
1785716351553,508830,Large centipede,Rat Race,1,27,18,15,19,10,1,0,64,9,10,9,9,0,0,1,Swift sword,Swift sword|Farmer armor|Merchant helm|Sea ring
1785716352167,508830,Large centipede,Rat Race,0,0,18,15,19,10,1,0,64,9,10,9,9,0,0,1,Swift sword,Swift sword|Farmer armor|Merchant helm|Sea ring
1785716352694,508830,Large centipede,Rat Race,0,0,18,15,19,10,1,0,64,9,10,9,9,0,0,1,Swift sword,Swift sword|Farmer armor|Merchant helm|Sea ring
1785716353193,508830,Large centipede,Rat Race,1,27,18,15,19,10,1,0,64,9,10,9,9,0,0,1,Swift sword,Swift sword|Farmer armor|Merchant helm|Sea ring
1785716353809,508830,Large centipede,Rat Race,0,0,18,15,19,10,1,0,64,9,10,9,9,0,0,1,Swift sword,Swift sword|Farmer armor|Merchant helm|Sea ring
1785716354895,508830,Large centipede,Rat Race,0,0,18,15,19,10,1,0,64,9,9,9,9,2,1,0,Swift sword,Swift sword|Farmer armor|Merchant helm|Sea ring
1785716355567,508830,Large centipede,Rat Race,0,0,18,15,19,10,1,0,64,9,10,9,9,2,2,1,Swift sword,Swift sword|Farmer armor|Merchant helm|Sea ring
1785716356313,508830,Large centipede,Rat Race,0,0,18,15,19,10,1,0,64,9,8,9,9,2,0,1,Swift sword,Swift sword|Farmer armor|Merchant helm|Sea ring
1785716365688,470938,,Rat Race,1,28,18,15,19,10,1,3,54,9,9,9,8,0,0,1,Swift sword,Swift sword|Farmer armor|Merchant helm|Black ring|Sea ring
1785716366217,470938,,Rat Race,0,0,18,15,19,10,1,3,54,9,9,9,8,0,0,1,Swift sword,Swift sword|Farmer armor|Merchant helm|Black ring|Sea ring
1785716366843,470938,,Rat Race,1,30,18,15,19,10,1,3,54,9,9,9,8,0,0,1,Swift sword,Swift sword|Farmer armor|Merchant helm|Black ring|Sea ring
1785716367460,470938,Rat,Rat Race,1,28,18,15,19,10,1,3,54,9,9,9,8,0,0,1,Swift sword,Swift sword|Farmer armor|Merchant helm|Black ring|Sea ring
1785716367988,470938,Rat,Rat Race,0,0,18,15,19,10,1,3,54,9,9,9,8,0,0,1,Swift sword,Swift sword|Farmer armor|Merchant helm|Black ring|Sea ring
1785716368604,470938,Rat,Rat Race,1,28,18,15,19,10,1,3,54,9,9,9,8,0,0,1,Swift sword,Swift sword|Farmer armor|Merchant helm|Black ring|Sea ring
1785716369220,506256,,Rat Race,0,0,18,15,19,10,1,3,54,9,9,8,9,0,1,1,Swift sword,Swift sword|Farmer armor|Merchant helm|Black ring|Sea ring
1785716369834,506256,,Rat Race,1,25,18,15,19,10,1,3,54,9,9,8,9,3,0,1,Swift sword,Swift sword|Farmer armor|Merchant helm|Black ring|Sea ring
1785716370452,470938,Rat,Rat Race,0,0,18,15,19,10,1,3,54,9,9,9,8,0,0,1,Swift sword,Swift sword|Farmer armor|Merchant helm|Black ring|Sea ring
1785716371562,470938,Rat,Rat Race,0,0,18,15,19,10,1,3,54,9,8,9,8,2,1,0,Swift sword,Swift sword|Farmer armor|Merchant helm|Black ring|Sea ring
1785716372333,470938,Rat,Rat Race,0,0,18,15,19,10,1,3,54,9,9,9,8,0,0,1,Swift sword,Swift sword|Farmer armor|Merchant helm|Black ring|Sea ring
1785716372860,470938,Rat,Rat Race,0,0,18,15,19,10,1,3,54,9,9,9,8,0,0,1,Swift sword,Swift sword|Farmer armor|Merchant helm|Black ring|Sea ring
1785716374285,506256,Large centipede,Rat Race,0,0,18,15,19,10,1,3,54,9,8,9,9,2,0,1,Swift sword,Swift sword|Farmer armor|Merchant helm|Black ring|Sea ring
1785716374812,506256,Large centipede,Rat Race,0,0,18,15,19,10,1,3,54,9,8,9,9,2,0,1,Swift sword,Swift sword|Farmer armor|Merchant helm|Black ring|Sea ring
1785716375314,75572,Rat,Rat Race,1,27,18,15,19,10,1,3,54,9,8,9,7,0,0,1,Swift sword,Swift sword|Farmer armor|Merchant helm|Black ring|Sea ring
1785716376061,75572,Rat,Rat Race,0,0,18,15,19,10,1,3,54,9,8,9,7,0,0,1,Swift sword,Swift sword|Farmer armor|Merchant helm|Black ring|Sea ring
1785716376589,75572,Rat,Rat Race,1,26,18,15,19,10,1,3,54,9,8,9,7,0,0,1,Swift sword,Swift sword|Farmer armor|Merchant helm|Black ring|Sea ring
1785716377427,75572,Rat,Rat Race,0,0,18,15,19,10,1,3,54,9,8,9,7,0,0,1,Swift sword,Swift sword|Farmer armor|Merchant helm|Black ring|Sea ring
1785716378594,75572,Rat,Rat Race,0,0,18,15,19,10,1,3,54,9,6,9,7,2,0,1,Swift sword,Swift sword|Farmer armor|Merchant helm|Black ring|Sea ring
1785716379217,75572,Rat,Rat Race,0,0,18,15,19,10,1,3,54,9,7,9,7,2,1,0,Swift sword,Swift sword|Farmer armor|Merchant helm|Black ring|Sea ring
1785716380194,75572,Rat,Rat Race,0,0,18,15,19,10,1,3,54,9,8,9,7,0,0,1,Swift sword,Swift sword|Farmer armor|Merchant helm|Black ring|Sea ring
1785716380817,75572,Rat,Rat Race,0,0,18,15,19,10,1,3,54,9,8,9,7,2,2,1,Swift sword,Swift sword|Farmer armor|Merchant helm|Black ring|Sea ring
1785716381515,506256,Large centipede,Rat Race,1,27,18,15,19,10,1,3,54,9,7,9,8,2,0,1,Swift sword,Swift sword|Farmer armor|Merchant helm|Black ring|Sea ring
1785716383168,506256,Large centipede,Rat Race,0,0,18,15,19,10,1,3,54,9,6,9,7,2,0,1,Swift sword,Swift sword|Farmer armor|Merchant helm|Black ring|Sea ring
1785716383695,506256,Large centipede,Rat Race,1,27,18,15,19,10,1,3,54,9,6,9,7,2,0,1,Swift sword,Swift sword|Farmer armor|Merchant helm|Black ring|Sea ring
1785716385553,622814,Rat,Rat Race,1,27,18,15,19,10,1,3,54,6,5,5,5,3,0,1,Swift sword,Swift sword|Farmer armor|Merchant helm|Black ring|Sea ring
1785716386081,622814,Rat,Rat Race,1,30,18,15,19,10,1,3,54,6,5,5,5,3,0,1,Swift sword,Swift sword|Farmer armor|Merchant helm|Black ring|Sea ring
1785716386911,622814,Rat,Rat Race,0,0,18,15,19,10,1,3,54,6,5,5,5,3,0,1,Swift sword,Swift sword|Farmer armor|Merchant helm|Black ring|Sea ring
1785716388140,494543,,Rat Race,1,27,18,15,19,10,1,3,54,6,4,5,4,3,0,1,Swift sword,Swift sword|Farmer armor|Merchant helm|Black ring|Sea ring
1785716388669,494543,,Rat Race,0,0,18,15,19,10,1,3,54,6,4,5,4,3,0,1,Swift sword,Swift sword|Farmer armor|Merchant helm|Black ring|Sea ring
1785716389284,494543,,Rat Race,1,27,18,15,19,10,1,3,54,6,4,5,4,3,0,1,Swift sword,Swift sword|Farmer armor|Merchant helm|Black ring|Sea ring
1785716389901,494543,Rat,Rat Race,1,26,18,15,19,10,1,3,54,6,4,5,4,3,0,1,Swift sword,Swift sword|Farmer armor|Merchant helm|Black ring|Sea ring
1785716390428,494543,Rat,Rat Race,1,30,18,15,19,10,1,3,54,6,4,5,4,3,0,1,Swift sword,Swift sword|Farmer armor|Merchant helm|Black ring|Sea ring
1785716391131,494543,Rat,Rat Race,0,0,18,15,19,10,1,3,54,6,4,5,4,3,0,1,Swift sword,Swift sword|Farmer armor|Merchant helm|Black ring|Sea ring
1785716391848,494543,Rat,Rat Race,0,0,18,15,19,10,1,3,54,6,4,5,4,3,0,1,Swift sword,Swift sword|Farmer armor|Merchant helm|Black ring|Sea ring
1785716392377,494543,Rat,Rat Race,0,0,18,15,19,10,1,3,54,6,4,5,4,3,0,1,Swift sword,Swift sword|Farmer armor|Merchant helm|Black ring|Sea ring
1785716393101,60004,,Rat Race,1,28,18,15,19,10,1,3,54,5,4,5,4,3,1,0,Swift sword,Swift sword|Farmer armor|Merchant helm|Black ring|Sea ring
1785716393715,60004,,Rat Race,1,29,18,15,19,10,1,3,54,5,4,4,4,3,0,1,Swift sword,Swift sword|Farmer armor|Merchant helm|Black ring|Sea ring
1785716395063,60004,Rat,Rat Race,0,0,18,15,19,10,1,3,54,5,4,5,4,3,1,0,Swift sword,Swift sword|Farmer armor|Merchant helm|Black ring|Sea ring
1785716395920,60004,Rat,Rat Race,0,0,18,15,19,10,1,3,54,5,4,5,4,0,1,0,Swift sword,Swift sword|Farmer armor|Merchant helm|Black ring|Sea ring
1785716400435,495428,,Rat Race,1,27,18,15,19,10,1,0,64,5,4,4,4,3,0,1,Swift sword,Swift sword|Farmer armor|Merchant helm|Sea ring
1785716400963,495428,,Rat Race,0,0,18,15,19,10,1,0,64,5,4,4,4,3,0,1,Swift sword,Swift sword|Farmer armor|Merchant helm|Sea ring
1785716401466,495428,,Rat Race,0,0,18,15,19,10,1,0,64,5,4,4,4,3,0,1,Swift sword,Swift sword|Farmer armor|Merchant helm|Sea ring
1785716402212,495428,Mouse,Rat Race,1,32,18,15,19,10,1,0,64,5,4,4,4,3,0,1,Swift sword,Swift sword|Farmer armor|Merchant helm|Sea ring
1785716402740,495428,Mouse,Rat Race,1,32,18,15,19,10,1,0,64,5,4,4,4,3,0,1,Swift sword,Swift sword|Farmer armor|Merchant helm|Sea ring
1785716403440,495428,Mouse,Rat Race,0,0,18,15,19,10,1,0,64,5,4,4,4,3,0,1,Swift sword,Swift sword|Farmer armor|Merchant helm|Sea ring
1785716404525,495428,Mouse,Rat Race,0,0,18,15,19,10,1,0,64,4,4,4,4,2,1,0,Swift sword,Swift sword|Farmer armor|Merchant helm|Sea ring
1785716405524,495428,Mouse,Rat Race,0,0,18,15,19,10,1,0,64,4,5,4,4,0,0,1,Swift sword,Swift sword|Farmer armor|Merchant helm|Sea ring
1785716407315,60009,Mouse,Rat Race,0,0,18,15,19,10,1,0,64,3,4,2,4,3,0,1,Swift sword,Swift sword|Farmer armor|Merchant helm|Sea ring
1785716407844,60009,Mouse,Rat Race,1,29,18,15,19,10,1,0,64,3,4,2,4,3,0,1,Swift sword,Swift sword|Farmer armor|Merchant helm|Sea ring
1785716408360,60009,Mouse,Rat Race,0,0,18,15,19,10,1,0,64,3,4,2,4,3,0,1,Swift sword,Swift sword|Farmer armor|Merchant helm|Sea ring
1785716409106,60009,Mouse,Rat Race,1,30,18,15,19,10,1,0,64,3,4,2,4,3,0,1,Swift sword,Swift sword|Farmer armor|Merchant helm|Sea ring
1785716409633,60009,Mouse,Rat Race,1,30,18,15,19,10,1,0,64,3,4,2,4,3,0,1,Swift sword,Swift sword|Farmer armor|Merchant helm|Sea ring
1785716410227,60009,Mouse,Rat Race,0,0,18,15,19,10,1,0,64,2,4,2,4,0,1,0,Swift sword,Swift sword|Farmer armor|Merchant helm|Sea ring
1785716411083,60009,Mouse,Rat Race,0,0,18,15,19,10,1,0,64,2,4,2,4,1,1,0,Swift sword,Swift sword|Farmer armor|Merchant helm|Sea ring
1785716411664,60009,Mouse,Rat Race,0,0,18,15,19,10,1,0,64,3,4,2,4,3,0,1,Swift sword,Swift sword|Farmer armor|Merchant helm|Sea ring
1785716412412,60009,Mouse,Rat Race,0,0,18,15,19,10,1,0,64,3,4,2,4,3,0,1,Swift sword,Swift sword|Farmer armor|Merchant helm|Sea ring
1785716413836,473184,Mouse,Rat Race,1,26,18,15,19,10,1,0,64,3,5,4,5,1,0,1,Swift sword,Swift sword|Farmer armor|Merchant helm|Sea ring
1785716414363,473184,Mouse,Rat Race,1,82,18,15,19,10,1,0,64,3,5,4,5,1,0,1,Swift sword,Swift sword|Farmer armor|Merchant helm|Sea ring
1785716415083,473184,Mouse,Rat Race,0,0,18,15,19,10,1,0,64,3,5,4,5,1,0,1,Swift sword,Swift sword|Farmer armor|Merchant helm|Sea ring
1785716418235,471501,Rat,Rat Race,0,0,18,15,19,10,1,0,64,7,5,7,6,2,0,1,Swift sword,Swift sword|Farmer armor|Merchant helm|Sea ring
1785716418761,471501,Rat,Rat Race,0,0,18,15,19,10,1,0,64,7,5,7,6,2,0,1,Swift sword,Swift sword|Farmer armor|Merchant helm|Sea ring
1785716419297,471501,Rat,Rat Race,0,0,18,15,19,10,1,0,64,7,5,7,6,2,0,1,Swift sword,Swift sword|Farmer armor|Merchant helm|Sea ring
1785716419945,471501,Rat,Rat Race,0,0,18,15,19,10,1,0,64,7,5,7,6,2,0,1,Swift sword,Swift sword|Farmer armor|Merchant helm|Sea ring
1785716420473,471501,Rat,Rat Race,0,0,18,15,19,10,1,0,64,7,5,7,6,2,0,1,Swift sword,Swift sword|Farmer armor|Merchant helm|Sea ring
1785716420994,625069,,Rat Race,1,30,18,15,19,10,1,0,64,7,5,7,4,0,0,1,Swift sword,Swift sword|Farmer armor|Merchant helm|Sea ring
1785716421743,625069,,Rat Race,1,26,18,15,19,10,1,0,64,7,5,7,4,0,0,1,Swift sword,Swift sword|Farmer armor|Merchant helm|Sea ring
1785716422272,625069,,Rat Race,1,29,18,15,19,10,1,0,64,7,5,7,4,0,0,1,Swift sword,Swift sword|Farmer armor|Merchant helm|Sea ring
1785716422887,625069,Rat,Rat Race,1,28,18,15,19,10,1,0,64,7,5,7,4,0,0,1,Swift sword,Swift sword|Farmer armor|Merchant helm|Sea ring
1785716423513,625069,Rat,Rat Race,1,28,18,15,19,10,1,0,64,7,5,7,4,0,0,1,Swift sword,Swift sword|Farmer armor|Merchant helm|Sea ring
1785716424040,625069,Rat,Rat Race,0,0,18,15,19,10,1,0,64,7,5,7,4,0,0,1,Swift sword,Swift sword|Farmer armor|Merchant helm|Sea ring
1785716424657,625069,Rat,Rat Race,1,26,18,15,19,10,1,0,64,7,5,7,4,0,0,1,Swift sword,Swift sword|Farmer armor|Merchant helm|Sea ring
1785716425808,625069,Rat,Rat Race,0,0,18,15,19,10,1,0,64,7,4,7,4,0,1,0,Swift sword,Swift sword|Farmer armor|Merchant helm|Sea ring
1785716426664,625069,Rat,Rat Race,0,0,18,15,19,10,1,0,64,7,4,7,4,1,1,0,Swift sword,Swift sword|Farmer armor|Merchant helm|Sea ring
1785716427664,625069,Rat,Rat Race,0,0,18,15,19,10,1,0,64,8,4,7,4,3,0,1,Swift sword,Swift sword|Farmer armor|Merchant helm|Sea ring
1785716429087,625081,Rat,Rat Race,0,0,18,15,19,10,1,0,64,8,4,8,5,2,0,1,Swift sword,Swift sword|Farmer armor|Merchant helm|Sea ring
1785716429614,625081,Rat,Rat Race,0,0,18,15,19,10,1,0,64,8,4,8,5,2,0,1,Swift sword,Swift sword|Farmer armor|Merchant helm|Sea ring
1785716430129,625081,Rat,Rat Race,0,0,18,15,19,10,1,0,64,8,4,8,5,2,0,1,Swift sword,Swift sword|Farmer armor|Merchant helm|Sea ring
1785716430909,625081,Rat,Rat Race,1,32,18,15,19,10,1,0,64,8,4,8,5,2,0,1,Swift sword,Swift sword|Farmer armor|Merchant helm|Sea ring
1785716431437,625081,Rat,Rat Race,1,28,18,15,19,10,1,0,64,8,4,8,5,2,0,1,Swift sword,Swift sword|Farmer armor|Merchant helm|Sea ring
1785716433061,625074,Mouse,Rat Race,0,0,18,15,19,10,1,0,64,6,4,6,4,3,1,0,Swift sword,Swift sword|Farmer armor|Merchant helm|Sea ring
1785716434255,625081,Rat,Rat Race,0,0,18,15,19,10,1,0,64,8,4,8,5,2,0,1,Swift sword,Swift sword|Farmer armor|Merchant helm|Sea ring
1785716434785,625081,Rat,Rat Race,0,0,18,15,19,10,1,0,64,8,4,8,5,2,0,1,Swift sword,Swift sword|Farmer armor|Merchant helm|Sea ring
1785716443803,625074,Mouse,Rat Race,1,27,18,15,19,10,1,3,54,8,5,7,5,3,0,1,Swift sword,Swift sword|Farmer armor|Merchant helm|Black ring|Sea ring
1785716444331,625074,Mouse,Rat Race,1,31,18,15,19,10,1,3,54,8,5,7,5,3,0,1,Swift sword,Swift sword|Farmer armor|Merchant helm|Black ring|Sea ring
1785716445047,625074,Mouse,Rat Race,0,0,18,15,19,10,1,3,54,8,5,7,5,3,0,1,Swift sword,Swift sword|Farmer armor|Merchant helm|Black ring|Sea ring
1785716447033,471501,Rat,Rat Race,0,0,18,15,19,10,1,3,54,9,4,9,5,2,0,1,Swift sword,Swift sword|Farmer armor|Merchant helm|Black ring|Sea ring
1785716447561,471501,Rat,Rat Race,1,30,18,15,19,10,1,3,54,9,4,9,5,2,0,1,Swift sword,Swift sword|Farmer armor|Merchant helm|Black ring|Sea ring
1785716448175,471501,Rat,Rat Race,1,30,18,15,19,10,1,3,54,9,4,9,5,2,0,1,Swift sword,Swift sword|Farmer armor|Merchant helm|Black ring|Sea ring
1785716448809,471501,Rat,Rat Race,0,0,18,15,19,10,1,3,54,9,4,9,5,2,0,1,Swift sword,Swift sword|Farmer armor|Merchant helm|Black ring|Sea ring
1785716449337,471501,Rat,Rat Race,0,0,18,15,19,10,1,3,54,9,4,9,5,2,0,1,Swift sword,Swift sword|Farmer armor|Merchant helm|Black ring|Sea ring
1785716449956,471501,Rat,Rat Race,1,32,18,15,19,10,1,3,54,9,4,9,5,2,0,1,Swift sword,Swift sword|Farmer armor|Merchant helm|Black ring|Sea ring
1785716450568,471501,Rat,Rat Race,0,0,18,15,19,10,1,3,54,9,4,9,5,2,0,1,Swift sword,Swift sword|Farmer armor|Merchant helm|Black ring|Sea ring
1785716451773,625076,Ginseng piece	White rat,Rat Race,0,0,18,15,19,10,1,3,54,9,5,9,6,2,0,1,Swift sword,Swift sword|Farmer armor|Merchant helm|Black ring|Sea ring
1785716458376,625079,Mouse,Rat Race,0,0,18,15,19,10,1,3,54,7,13,7,14,2,0,1,Swift sword,Swift sword|Farmer armor|Merchant helm|Black ring|Sea ring
1785716459123,625079,Mouse,Rat Race,0,0,18,15,19,10,1,3,54,7,13,7,14,2,0,1,Swift sword,Swift sword|Farmer armor|Merchant helm|Black ring|Sea ring
1785716459654,625079,Mouse,Rat Race,0,0,18,15,19,10,1,3,54,7,13,7,14,2,0,1,Swift sword,Swift sword|Farmer armor|Merchant helm|Black ring|Sea ring
1785716460227,625079,Mouse,Rat Race,0,0,18,15,19,10,1,3,54,6,13,6,14,2,0,1,Swift sword,Swift sword|Farmer armor|Merchant helm|Black ring|Sea ring
1785716460756,625079,Mouse,Rat Race,0,0,18,15,19,10,1,3,54,6,13,6,14,2,0,1,Swift sword,Swift sword|Farmer armor|Merchant helm|Black ring|Sea ring
1785716461382,625079,Mouse,Rat Race,0,0,18,15,19,10,1,3,54,6,13,6,14,2,0,1,Swift sword,Swift sword|Farmer armor|Merchant helm|Black ring|Sea ring
1785716461994,625079,Mouse,Rat Race,0,0,18,15,19,10,1,3,54,6,13,6,14,2,0,1,Swift sword,Swift sword|Farmer armor|Merchant helm|Black ring|Sea ring
1785716462523,625079,Mouse,Rat Race,0,0,18,15,19,10,1,3,54,6,13,6,14,2,0,1,Swift sword,Swift sword|Farmer armor|Merchant helm|Black ring|Sea ring
1785716463096,625079,Mouse,Rat Race,0,0,18,15,19,10,1,3,54,5,13,5,14,2,0,1,Swift sword,Swift sword|Farmer armor|Merchant helm|Black ring|Sea ring
1785716463624,625079,Mouse,Rat Race,0,0,18,15,19,10,1,3,54,5,13,5,14,2,0,1,Swift sword,Swift sword|Farmer armor|Merchant helm|Black ring|Sea ring
1785716464240,625079,Mouse,Rat Race,0,0,18,15,19,10,1,3,54,5,13,5,14,2,0,1,Swift sword,Swift sword|Farmer armor|Merchant helm|Black ring|Sea ring
1785716464852,625079,Mouse,Rat Race,0,0,18,15,19,10,1,3,54,5,13,4,14,2,1,2,Swift sword,Swift sword|Farmer armor|Merchant helm|Black ring|Sea ring
1785716465560,625079,Mouse,Rat Race,0,0,18,15,19,10,1,3,54,5,14,4,14,3,0,1,Swift sword,Swift sword|Farmer armor|Merchant helm|Black ring|Sea ring
1785716466088,625079,Mouse,Rat Race,1,62,18,15,19,10,1,3,54,5,14,4,14,3,0,1,Swift sword,Swift sword|Farmer armor|Merchant helm|Black ring|Sea ring
1785716466704,625079,Mouse,Rat Race,1,62,18,15,19,10,1,3,54,5,14,4,14,3,0,1,Swift sword,Swift sword|Farmer armor|Merchant helm|Black ring|Sea ring
1785716467242,625079,Mouse,Rat Race,0,0,18,15,19,10,1,3,54,4,14,4,14,3,1,0,Swift sword,Swift sword|Farmer armor|Merchant helm|Black ring|Sea ring
1785716467824,625082,,Rat Race,0,0,18,12,19,10,1,3,54,4,14,3,14,3,0,1,Swift sword,Swift sword|Farmer armor|Merchant helm|Black ring|Sea ring
1785716468575,625082,,Rat Race,0,0,18,12,19,10,1,3,54,4,14,3,14,3,0,1,Swift sword,Swift sword|Farmer armor|Merchant helm|Black ring|Sea ring
1785716469104,625082,,Rat Race,0,0,18,12,19,10,1,3,54,4,14,3,14,3,0,1,Swift sword,Swift sword|Farmer armor|Merchant helm|Black ring|Sea ring
1785716469613,625082,Mouse,Rat Race,0,0,18,12,19,10,1,3,54,4,14,3,14,3,0,1,Swift sword,Swift sword|Farmer armor|Merchant helm|Black ring|Sea ring
1785716470360,625082,Mouse,Rat Race,1,30,18,12,19,10,1,3,54,4,14,3,14,3,0,1,Swift sword,Swift sword|Farmer armor|Merchant helm|Black ring|Sea ring
1785716470889,625082,Mouse,Rat Race,0,0,18,12,19,10,1,3,54,4,14,3,14,3,0,1,Swift sword,Swift sword|Farmer armor|Merchant helm|Black ring|Sea ring
1785716471506,625082,Mouse,Rat Race,0,0,18,12,19,10,1,3,54,4,14,3,14,3,0,1,Swift sword,Swift sword|Farmer armor|Merchant helm|Black ring|Sea ring
1785716472122,625082,Mouse,Rat Race,1,29,18,12,19,10,1,3,54,4,14,3,14,3,0,1,Swift sword,Swift sword|Farmer armor|Merchant helm|Black ring|Sea ring
1785716472656,625082,Mouse,Rat Race,1,29,18,12,19,10,1,3,54,4,14,3,14,3,0,1,Swift sword,Swift sword|Farmer armor|Merchant helm|Black ring|Sea ring
1785716473239,625082,Mouse,Rat Race,0,0,18,12,19,10,1,3,54,3,14,3,14,0,1,0,Swift sword,Swift sword|Farmer armor|Merchant helm|Black ring|Sea ring
1785716474112,625082,Mouse,Rat Race,0,0,18,12,19,10,1,3,54,3,14,3,14,1,1,0,Swift sword,Swift sword|Farmer armor|Merchant helm|Black ring|Sea ring
1785716475086,625082,Mouse,Rat Race,0,0,18,12,19,10,1,3,54,4,14,3,14,3,0,1,Swift sword,Swift sword|Farmer armor|Merchant helm|Black ring|Sea ring
1785716476173,625082,Mouse,Rat Race,0,0,18,12,19,10,1,3,54,3,14,3,14,3,1,0,Swift sword,Swift sword|Farmer armor|Merchant helm|Black ring|Sea ring
1785716477367,625072,Mouse,Rat Race,0,0,18,12,19,10,1,3,54,4,14,4,13,0,0,1,Swift sword,Swift sword|Farmer armor|Merchant helm|Black ring|Sea ring
1785716477895,625072,Mouse,Rat Race,0,0,18,12,19,10,1,3,54,4,14,4,13,0,0,1,Swift sword,Swift sword|Farmer armor|Merchant helm|Black ring|Sea ring
1785716478503,625072,Mouse,Rat Race,0,0,18,12,19,10,1,3,54,5,14,5,13,0,0,1,Swift sword,Swift sword|Farmer armor|Merchant helm|Black ring|Sea ring
1785716479031,625072,Mouse,Rat Race,0,0,18,12,19,10,1,3,54,5,14,5,13,0,0,1,Swift sword,Swift sword|Farmer armor|Merchant helm|Black ring|Sea ring
1785716479548,625072,Mouse,Rat Race,0,0,18,12,19,10,1,3,54,5,14,5,13,0,0,1,Swift sword,Swift sword|Farmer armor|Merchant helm|Black ring|Sea ring
1785716480194,625072,Mouse,Rat Race,0,0,18,12,19,10,1,3,54,5,14,5,13,0,0,1,Swift sword,Swift sword|Farmer armor|Merchant helm|Black ring|Sea ring
1785716480722,625072,Mouse,Rat Race,0,0,18,12,19,10,1,3,54,5,14,5,13,0,0,1,Swift sword,Swift sword|Farmer armor|Merchant helm|Black ring|Sea ring
1785716481295,625072,Mouse,Rat Race,0,0,18,12,19,10,1,3,54,6,14,6,13,0,0,1,Swift sword,Swift sword|Farmer armor|Merchant helm|Black ring|Sea ring
1785716481823,625072,Mouse,Rat Race,0,0,18,12,19,10,1,3,54,6,14,6,13,0,0,1,Swift sword,Swift sword|Farmer armor|Merchant helm|Black ring|Sea ring
1785716482441,625072,Mouse,Rat Race,1,29,18,12,19,10,1,3,54,6,14,6,13,0,0,1,Swift sword,Swift sword|Farmer armor|Merchant helm|Black ring|Sea ring
1785716483064,625072,Mouse,Rat Race,1,27,18,12,19,10,1,3,54,6,14,6,13,0,0,1,Swift sword,Swift sword|Farmer armor|Merchant helm|Black ring|Sea ring
1785716483592,625072,Mouse,Rat Race,0,0,18,12,19,10,1,3,54,6,14,6,13,0,0,1,Swift sword,Swift sword|Farmer armor|Merchant helm|Black ring|Sea ring
1785716484207,625072,Mouse,Rat Race,1,29,18,12,19,10,1,3,54,6,14,6,13,0,0,1,Swift sword,Swift sword|Farmer armor|Merchant helm|Black ring|Sea ring
1785716484822,625072,Mouse,Rat Race,1,29,18,12,19,10,1,3,54,6,14,6,13,0,0,1,Swift sword,Swift sword|Farmer armor|Merchant helm|Black ring|Sea ring
1785716485350,625072,Mouse,Rat Race,1,27,18,12,19,10,1,3,54,6,14,6,13,0,0,1,Swift sword,Swift sword|Farmer armor|Merchant helm|Black ring|Sea ring
1785716485927,625072,Mouse,Rat Race,0,0,18,12,19,10,1,3,54,6,13,6,13,1,1,0,Swift sword,Swift sword|Farmer armor|Merchant helm|Black ring|Sea ring
1785716486903,625072,Mouse,Rat Race,0,0,18,12,19,10,1,3,54,7,13,6,13,3,0,1,Swift sword,Swift sword|Farmer armor|Merchant helm|Black ring|Sea ring
1785716494416,625068,Mouse,Rat Race,0,0,18,12,19,10,1,0,64,9,14,9,15,2,0,1,Swift sword,Swift sword|Farmer armor|Merchant helm|Sea ring
1785716494943,625068,Mouse,Rat Race,0,0,18,12,19,10,1,0,64,9,14,9,15,2,0,1,Swift sword,Swift sword|Farmer armor|Merchant helm|Sea ring
1785716495458,625068,Mouse,Rat Race,0,0,18,12,19,10,1,0,64,9,14,9,15,2,0,1,Swift sword,Swift sword|Farmer armor|Merchant helm|Sea ring
1785716496434,625068,Mouse,Rat Race,0,0,18,12,19,10,1,0,64,8,14,8,15,2,0,1,Swift sword,Swift sword|Farmer armor|Merchant helm|Sea ring
1785716496960,625068,Mouse,Rat Race,0,0,18,12,19,10,1,0,64,8,14,8,15,2,0,1,Swift sword,Swift sword|Farmer armor|Merchant helm|Sea ring
1785716497574,625068,Mouse,Rat Race,0,0,18,12,19,10,1,0,64,8,14,8,15,2,0,1,Swift sword,Swift sword|Farmer armor|Merchant helm|Sea ring
1785716498189,625068,Mouse,Rat Race,0,0,18,12,19,10,1,0,64,8,14,7,15,2,1,2,Swift sword,Swift sword|Farmer armor|Merchant helm|Sea ring
1785716498760,625068,Mouse,Rat Race,0,0,18,12,19,10,1,0,64,8,15,7,15,3,0,1,Swift sword,Swift sword|Farmer armor|Merchant helm|Sea ring
1785716499290,625068,Mouse,Rat Race,1,60,18,12,19,10,1,0,64,8,15,7,15,3,0,1,Swift sword,Swift sword|Farmer armor|Merchant helm|Sea ring
1785716499906,625068,Mouse,Rat Race,1,60,18,12,19,10,1,0,64,8,15,7,15,3,0,1,Swift sword,Swift sword|Farmer armor|Merchant helm|Sea ring
1785716500531,625068,Mouse,Rat Race,0,0,18,12,19,10,1,0,64,8,15,7,15,3,0,1,Swift sword,Swift sword|Farmer armor|Merchant helm|Sea ring
1785716501058,625068,Mouse,Rat Race,1,27,18,12,19,10,1,0,64,8,15,7,15,3,0,1,Swift sword,Swift sword|Farmer armor|Merchant helm|Sea ring
1785716501674,625068,Mouse,Rat Race,1,27,18,12,19,10,1,0,64,8,15,7,15,3,0,1,Swift sword,Swift sword|Farmer armor|Merchant helm|Sea ring
1785716502286,625068,Mouse,Rat Race,0,0,18,12,19,10,1,0,64,8,15,7,15,3,0,1,Swift sword,Swift sword|Farmer armor|Merchant helm|Sea ring
1785716503370,625068,Mouse,Rat Race,0,0,18,12,19,10,1,0,64,7,15,7,15,1,1,0,Swift sword,Swift sword|Farmer armor|Merchant helm|Sea ring
1785716504346,625068,Mouse,Rat Race,0,0,18,12,19,10,1,0,64,8,15,7,15,3,0,1,Swift sword,Swift sword|Farmer armor|Merchant helm|Sea ring
1785716505455,625068,Mouse,Rat Race,0,0,18,12,19,10,1,0,64,7,15,7,15,0,1,0,Swift sword,Swift sword|Farmer armor|Merchant helm|Sea ring
1785716508783,625073,Rat,Rat Race,0,0,18,12,19,10,1,0,64,9,16,9,17,2,0,1,Swift sword,Swift sword|Farmer armor|Merchant helm|Sea ring
1785716509312,625073,Rat,Rat Race,1,26,18,12,19,10,1,0,64,9,16,9,17,2,0,1,Swift sword,Swift sword|Farmer armor|Merchant helm|Sea ring
1785716509835,625073,Rat,Rat Race,1,26,18,12,19,10,1,0,64,9,16,9,17,2,0,1,Swift sword,Swift sword|Farmer armor|Merchant helm|Sea ring
1785716510579,625073,Rat,Rat Race,1,30,18,12,19,10,1,0,64,9,16,9,17,2,0,1,Swift sword,Swift sword|Farmer armor|Merchant helm|Sea ring
1785716511107,625073,Rat,Rat Race,1,28,18,12,19,10,1,0,64,9,16,9,17,2,0,1,Swift sword,Swift sword|Farmer armor|Merchant helm|Sea ring
1785716511723,625073,Rat,Rat Race,1,30,18,12,19,10,1,0,64,9,16,9,17,2,0,1,Swift sword,Swift sword|Farmer armor|Merchant helm|Sea ring
1785716512338,625073,Rat,Rat Race,0,0,18,12,19,10,1,0,64,9,16,9,17,2,0,1,Swift sword,Swift sword|Farmer armor|Merchant helm|Sea ring
1785716518915,506814,Rat,Rat Race,0,0,18,12,19,10,1,0,64,2,19,2,20,2,0,1,Swift sword,Swift sword|Farmer armor|Merchant helm|Sea ring
1785716519441,506814,Rat,Rat Race,0,0,18,12,19,10,1,0,64,2,19,2,20,2,0,1,Swift sword,Swift sword|Farmer armor|Merchant helm|Sea ring
1785716520056,506814,Rat,Rat Race,0,0,18,12,19,10,1,0,64,2,19,2,20,2,0,1,Swift sword,Swift sword|Farmer armor|Merchant helm|Sea ring
1785716520670,506814,Rat,Rat Race,0,0,18,12,19,10,1,0,64,2,19,2,20,2,0,1,Swift sword,Swift sword|Farmer armor|Merchant helm|Sea ring
1785716521608,506814,Rat,Rat Race,0,0,18,12,19,10,1,0,64,1,19,1,20,2,0,1,Swift sword,Swift sword|Farmer armor|Merchant helm|Sea ring
1785716522044,506814,Rat,Rat Race,0,0,18,12,19,10,1,0,64,1,19,1,20,2,0,1,Swift sword,Swift sword|Farmer armor|Merchant helm|Sea ring
1785716522667,506814,Rat,Rat Race,1,27,18,12,19,10,1,0,64,1,19,1,20,2,0,1,Swift sword,Swift sword|Farmer armor|Merchant helm|Sea ring
1785716523279,506814,Rat,Rat Race,1,26,18,12,19,10,1,0,64,1,19,1,20,2,0,1,Swift sword,Swift sword|Farmer armor|Merchant helm|Sea ring
1785716523807,506814,Rat,Rat Race,0,0,18,12,19,10,1,0,64,1,19,1,20,2,0,1,Swift sword,Swift sword|Farmer armor|Merchant helm|Sea ring
1785716524422,506814,Rat,Rat Race,1,29,18,12,19,10,1,0,64,1,19,1,20,2,0,1,Swift sword,Swift sword|Farmer armor|Merchant helm|Sea ring
1785716525035,506814,Rat,Rat Race,1,30,18,12,19,10,1,0,64,1,19,1,20,2,0,1,Swift sword,Swift sword|Farmer armor|Merchant helm|Sea ring
1785716525706,506814,Rat,Rat Race,0,0,18,12,19,10,1,0,64,1,20,1,20,2,1,0,Swift sword,Swift sword|Farmer armor|Merchant helm|Sea ring
1785716532095,625075,Rat,Rat Race,1,32,18,12,19,10,1,0,64,5,24,6,24,1,0,1,Swift sword,Swift sword|Farmer armor|Merchant helm|Sea ring
1785716532711,625075,Rat,Rat Race,0,0,18,12,19,10,1,0,64,5,24,6,24,1,0,1,Swift sword,Swift sword|Farmer armor|Merchant helm|Sea ring
1785716541408,625075,Rat,Rat Race,1,27,18,12,19,10,1,0,64,5,23,5,24,2,0,1,Swift sword,Swift sword|Farmer armor|Merchant helm|Sea ring
1785716542022,625075,Rat,Rat Race,0,0,18,12,19,10,1,0,64,5,23,5,24,2,0,1,Swift sword,Swift sword|Farmer armor|Merchant helm|Sea ring
1785716543250,625070,Mouse,Rat Race,1,27,18,12,19,10,1,0,64,5,24,6,24,1,0,1,Swift sword,Swift sword|Farmer armor|Merchant helm|Sea ring
1785716543778,625070,Mouse,Rat Race,1,29,18,12,19,10,1,0,64,5,24,6,24,1,0,1,Swift sword,Swift sword|Farmer armor|Merchant helm|Sea ring
1785716544394,625070,Mouse,Rat Race,1,27,18,12,19,10,1,0,64,5,24,6,24,1,0,1,Swift sword,Swift sword|Farmer armor|Merchant helm|Sea ring
1785716545009,625070,Mouse,Rat Race,0,0,18,12,19,10,1,0,64,5,24,6,24,1,0,1,Swift sword,Swift sword|Farmer armor|Merchant helm|Sea ring
1785716545536,625070,Mouse,Rat Race,0,0,18,12,19,10,1,0,64,5,24,6,24,1,0,1,Swift sword,Swift sword|Farmer armor|Merchant helm|Sea ring
1785716546148,625070,Mouse,Rat Race,0,0,18,12,19,10,1,0,64,5,24,6,24,1,0,1,Swift sword,Swift sword|Farmer armor|Merchant helm|Sea ring
1785716546763,625070,Mouse,Rat Race,0,0,18,12,19,10,1,0,64,5,24,6,24,1,0,1,Swift sword,Swift sword|Farmer armor|Merchant helm|Sea ring
1785716547290,625070,Mouse,Rat Race,1,28,18,12,19,10,1,0,64,5,24,6,24,1,0,1,Swift sword,Swift sword|Farmer armor|Merchant helm|Sea ring
1785716548008,625070,Mouse,Rat Race,0,0,18,12,19,10,1,0,64,5,24,6,24,1,0,1,Swift sword,Swift sword|Farmer armor|Merchant helm|Sea ring
1785716549051,625070,Mouse,Rat Race,0,0,18,12,19,10,1,0,64,6,24,6,24,2,1,0,Swift sword,Swift sword|Farmer armor|Merchant helm|Sea ring
1785716550026,625070,Mouse,Rat Race,0,0,18,12,19,10,1,0,64,6,25,6,24,0,0,1,Swift sword,Swift sword|Farmer armor|Merchant helm|Sea ring
1785716551111,625070,Mouse,Rat Race,0,0,18,12,19,10,1,0,64,6,24,6,24,1,1,0,Swift sword,Swift sword|Farmer armor|Merchant helm|Sea ring
1785716552326,625080,Rat,Rat Race,0,0,18,12,19,10,1,0,64,7,25,7,26,2,0,1,Swift sword,Swift sword|Farmer armor|Merchant helm|Sea ring
1785716553108,625080,Rat,Rat Race,0,0,18,12,19,10,1,0,64,7,25,7,26,2,0,1,Swift sword,Swift sword|Farmer armor|Merchant helm|Sea ring
1785716553636,625080,Rat,Rat Race,0,0,18,12,19,10,1,0,64,7,25,7,26,2,0,1,Swift sword,Swift sword|Farmer armor|Merchant helm|Sea ring
1785716554244,625080,Rat,Rat Race,0,0,18,12,19,10,1,0,64,7,26,7,27,2,0,1,Swift sword,Swift sword|Farmer armor|Merchant helm|Sea ring
1785716554769,625080,Rat,Rat Race,1,60,18,12,19,10,1,0,64,7,26,7,27,2,0,1,Swift sword,Swift sword|Farmer armor|Merchant helm|Sea ring
1785716555285,625080,Rat,Rat Race,1,60,18,12,19,10,1,0,64,7,26,7,27,2,0,1,Swift sword,Swift sword|Farmer armor|Merchant helm|Sea ring
1785716555830,625080,Rat,Rat Race,0,0,18,12,19,10,1,0,64,7,27,7,27,2,1,0,Swift sword,Swift sword|Farmer armor|Merchant helm|Sea ring
1785716565553,625077,Mouse,Rat Race,0,0,18,12,19,10,1,3,54,9,28,9,29,2,0,1,Swift sword,Swift sword|Farmer armor|Merchant helm|Black ring|Sea ring
1785716566167,625077,Mouse,Rat Race,0,0,18,12,19,10,1,3,54,9,28,9,29,2,0,1,Swift sword,Swift sword|Farmer armor|Merchant helm|Black ring|Sea ring
1785716566693,625077,Mouse,Rat Race,0,0,18,12,19,10,1,3,54,9,28,9,29,2,0,1,Swift sword,Swift sword|Farmer armor|Merchant helm|Black ring|Sea ring
1785716567265,625077,Mouse,Rat Race,0,0,18,12,19,10,1,3,54,8,28,8,29,2,0,1,Swift sword,Swift sword|Farmer armor|Merchant helm|Black ring|Sea ring
1785716567791,625077,Mouse,Rat Race,0,0,18,12,19,10,1,3,54,8,28,8,29,2,0,1,Swift sword,Swift sword|Farmer armor|Merchant helm|Black ring|Sea ring
1785716568366,625077,Mouse,Rat Race,0,0,18,12,19,10,1,3,54,8,28,8,29,3,1,1,Swift sword,Swift sword|Farmer armor|Merchant helm|Black ring|Sea ring
1785716569124,625077,Mouse,Rat Race,1,181,18,12,19,10,1,3,54,9,29,8,29,3,0,1,Swift sword,Swift sword|Farmer armor|Merchant helm|Black ring|Sea ring
1785716569738,625077,Mouse,Rat Race,0,0,18,12,19,10,1,3,54,9,29,8,29,3,0,1,Swift sword,Swift sword|Farmer armor|Merchant helm|Black ring|Sea ring
1785716574832,555065,Mouse,Vermin Cavern,0,0,18,12,19,10,1,3,54,7,1,6,1,3,0,1,Swift sword,Swift sword|Farmer armor|Merchant helm|Black ring|Sea ring
1785716575361,555065,Mouse,Vermin Cavern,0,0,18,12,19,10,1,3,54,7,1,6,1,3,0,1,Swift sword,Swift sword|Farmer armor|Merchant helm|Black ring|Sea ring
1785716576192,555065,Mouse,Vermin Cavern,0,0,18,12,19,10,1,3,54,7,1,6,1,3,0,1,Swift sword,Swift sword|Farmer armor|Merchant helm|Black ring|Sea ring
1785716576722,555065,Mouse,Vermin Cavern,1,57,18,12,19,10,1,3,54,7,1,6,1,3,0,1,Swift sword,Swift sword|Farmer armor|Merchant helm|Black ring|Sea ring
1785716577294,555065,Mouse,Vermin Cavern,1,57,18,12,19,10,1,3,54,6,1,5,1,3,0,1,Swift sword,Swift sword|Farmer armor|Merchant helm|Black ring|Sea ring
1785716577821,555065,Mouse,Vermin Cavern,1,62,18,12,19,10,1,3,54,6,1,5,1,3,0,1,Swift sword,Swift sword|Farmer armor|Merchant helm|Black ring|Sea ring
1785716578414,555065,Mouse,Vermin Cavern,0,0,18,12,19,10,1,3,54,5,1,5,1,1,1,0,Swift sword,Swift sword|Farmer armor|Merchant helm|Black ring|Sea ring
1785716579610,59996,,Vermin Cavern,0,0,18,12,19,10,1,3,54,4,1,3,1,3,0,1,Swift sword,Swift sword|Farmer armor|Merchant helm|Black ring|Sea ring
1785716580139,59996,,Vermin Cavern,1,30,18,12,19,10,1,3,54,4,1,3,1,3,0,1,Swift sword,Swift sword|Farmer armor|Merchant helm|Black ring|Sea ring
1785716580759,59996,Mouse,Vermin Cavern,1,32,18,12,19,10,1,3,54,4,1,3,1,3,0,1,Swift sword,Swift sword|Farmer armor|Merchant helm|Black ring|Sea ring
1785716581472,59996,Mouse,Vermin Cavern,0,0,18,12,19,10,1,3,54,3,1,3,1,2,1,0,Swift sword,Swift sword|Farmer armor|Merchant helm|Black ring|Sea ring
1785716582709,305845,,Vermin Cavern,0,0,18,15,19,10,1,3,54,3,1,2,1,3,0,1,Swift sword,Swift sword|Farmer armor|Merchant helm|Black ring|Sea ring
1785716583236,305845,,Vermin Cavern,1,30,18,15,19,10,1,3,54,3,1,2,1,3,0,1,Swift sword,Swift sword|Farmer armor|Merchant helm|Black ring|Sea ring
1785716583741,305845,,Vermin Cavern,1,27,18,15,19,10,1,3,54,3,1,2,1,3,0,1,Swift sword,Swift sword|Farmer armor|Merchant helm|Black ring|Sea ring
1785716584488,305845,Rat,Vermin Cavern,1,27,18,15,19,10,1,3,54,3,1,2,1,3,0,1,Swift sword,Swift sword|Farmer armor|Merchant helm|Black ring|Sea ring
1785716585027,305845,Rat,Vermin Cavern,0,0,18,15,19,10,1,3,54,2,1,2,1,3,1,0,Swift sword,Swift sword|Farmer armor|Merchant helm|Black ring|Sea ring
1785716588996,470802,Rat,Vermin Cavern,0,0,18,15,19,10,1,3,54,7,1,8,1,1,0,1,Swift sword,Swift sword|Farmer armor|Merchant helm|Black ring|Sea ring
1785716589609,470802,Rat,Vermin Cavern,0,0,18,15,19,10,1,3,54,7,1,8,1,1,0,1,Swift sword,Swift sword|Farmer armor|Merchant helm|Black ring|Sea ring
1785716590443,470802,Rat,Vermin Cavern,1,56,18,15,19,10,1,3,54,8,1,9,1,1,0,1,Swift sword,Swift sword|Farmer armor|Merchant helm|Black ring|Sea ring
1785716591026,470802,Rat,Vermin Cavern,0,0,18,15,19,10,1,3,54,9,1,9,1,0,1,0,Swift sword,Swift sword|Farmer armor|Merchant helm|Black ring|Sea ring
1785716599840,90986,Rat,Vermin Cavern,0,0,18,15,19,10,1,3,54,9,6,10,6,1,0,1,Swift sword,Swift sword|Farmer armor|Merchant helm|Black ring|Sea ring
1785716600368,90986,Rat,Vermin Cavern,0,0,18,15,19,10,1,3,54,9,6,10,6,1,0,1,Swift sword,Swift sword|Farmer armor|Merchant helm|Black ring|Sea ring
1785716600984,90986,Rat,Vermin Cavern,0,0,18,15,19,10,1,3,54,9,6,10,6,1,0,1,Swift sword,Swift sword|Farmer armor|Merchant helm|Black ring|Sea ring
1785716601598,90986,Rat,Vermin Cavern,1,31,18,15,19,10,1,3,54,9,6,10,6,1,0,1,Swift sword,Swift sword|Farmer armor|Merchant helm|Black ring|Sea ring
1785716602124,90986,Rat,Vermin Cavern,1,31,18,15,19,10,1,3,54,9,6,10,6,1,0,1,Swift sword,Swift sword|Farmer armor|Merchant helm|Black ring|Sea ring
1785716602741,90986,Rat,Vermin Cavern,1,28,18,15,19,10,1,3,54,9,6,10,6,1,0,1,Swift sword,Swift sword|Farmer armor|Merchant helm|Black ring|Sea ring
1785716603355,90986,Rat,Vermin Cavern,1,27,18,15,19,10,1,3,54,9,6,10,6,1,0,1,Swift sword,Swift sword|Farmer armor|Merchant helm|Black ring|Sea ring
1785716603885,90986,Rat,Vermin Cavern,1,29,18,15,19,10,1,3,54,9,6,10,6,1,0,1,Swift sword,Swift sword|Farmer armor|Merchant helm|Black ring|Sea ring
1785716604501,90986,Rat,Vermin Cavern,1,29,18,15,19,10,1,3,54,9,6,10,6,1,0,1,Swift sword,Swift sword|Farmer armor|Merchant helm|Black ring|Sea ring
1785716605002,90986,Rat,Vermin Cavern,0,0,18,15,19,10,1,3,54,9,6,10,6,1,0,1,Swift sword,Swift sword|Farmer armor|Merchant helm|Black ring|Sea ring
1785716606166,90986,Rat,Vermin Cavern,0,0,18,15,19,10,1,3,54,11,6,10,6,3,0,1,Swift sword,Swift sword|Farmer armor|Merchant helm|Black ring|Sea ring
1785716607250,90986,Rat,Vermin Cavern,0,0,18,15,19,10,1,3,54,10,6,10,6,3,1,0,Swift sword,Swift sword|Farmer armor|Merchant helm|Black ring|Sea ring
1785716608228,90986,Rat,Vermin Cavern,0,0,18,15,19,10,1,3,54,9,6,10,6,1,0,1,Swift sword,Swift sword|Farmer armor|Merchant helm|Black ring|Sea ring
1785716614563,460975,Mouse,Vermin Cavern,1,26,18,15,19,10,1,0,64,15,6,16,6,1,0,1,Swift sword,Swift sword|Farmer armor|Merchant helm|Sea ring
1785716615091,460975,Mouse,Vermin Cavern,1,27,18,15,19,10,1,0,64,15,6,16,6,1,0,1,Swift sword,Swift sword|Farmer armor|Merchant helm|Sea ring
1785716615704,460975,Mouse,Vermin Cavern,1,28,18,15,19,10,1,0,64,15,6,16,6,1,0,1,Swift sword,Swift sword|Farmer armor|Merchant helm|Sea ring
1785716616320,460975,Mouse,Vermin Cavern,1,31,18,15,19,10,1,0,64,15,6,16,6,1,0,1,Swift sword,Swift sword|Farmer armor|Merchant helm|Sea ring
1785716616847,460975,Mouse,Vermin Cavern,0,0,18,15,19,10,1,0,64,15,6,16,6,1,0,1,Swift sword,Swift sword|Farmer armor|Merchant helm|Sea ring
1785716617474,460975,Mouse,Vermin Cavern,1,29,18,15,19,10,1,0,64,15,6,16,6,1,0,1,Swift sword,Swift sword|Farmer armor|Merchant helm|Sea ring
1785716618088,460975,Mouse,Vermin Cavern,0,0,18,15,19,10,1,0,64,15,6,16,6,1,0,1,Swift sword,Swift sword|Farmer armor|Merchant helm|Sea ring
1785716629354,90984,White rat,Vermin Cavern,0,0,18,15,19,10,1,0,64,2,8,2,9,2,0,1,Swift sword,Swift sword|Farmer armor|Merchant helm|Sea ring
1785716629883,90984,White rat,Vermin Cavern,0,0,18,15,19,10,1,0,64,2,8,2,9,2,0,1,Swift sword,Swift sword|Farmer armor|Merchant helm|Sea ring
1785716630718,90984,White rat,Vermin Cavern,0,0,18,15,19,10,1,0,64,2,8,2,9,2,0,1,Swift sword,Swift sword|Farmer armor|Merchant helm|Sea ring
1785716631245,90984,White rat,Vermin Cavern,0,0,18,15,19,10,1,0,64,2,8,2,9,2,0,1,Swift sword,Swift sword|Farmer armor|Merchant helm|Sea ring
1785716631817,90984,White rat,Vermin Cavern,1,60,18,15,19,10,1,0,64,2,9,2,10,2,0,1,Swift sword,Swift sword|Farmer armor|Merchant helm|Sea ring
1785716632343,90984,White rat,Vermin Cavern,1,60,18,15,19,10,1,0,64,2,9,2,10,2,0,1,Swift sword,Swift sword|Farmer armor|Merchant helm|Sea ring
1785716632957,90984,White rat,Vermin Cavern,1,57,18,15,19,10,1,0,64,2,9,2,10,2,0,1,Swift sword,Swift sword|Farmer armor|Merchant helm|Sea ring
1785716633572,90984,White rat,Vermin Cavern,0,0,18,15,19,10,1,0,64,2,9,2,10,2,0,1,Swift sword,Swift sword|Farmer armor|Merchant helm|Sea ring
1785716634100,90984,White rat,Vermin Cavern,1,30,18,15,19,10,1,0,64,2,9,2,10,2,0,1,Swift sword,Swift sword|Farmer armor|Merchant helm|Sea ring
1785716634817,90984,White rat,Vermin Cavern,0,0,18,15,19,10,1,0,64,2,9,2,10,2,0,1,Swift sword,Swift sword|Farmer armor|Merchant helm|Sea ring
1785716636020,90984,White rat,Vermin Cavern,0,0,18,15,19,10,1,0,64,3,10,2,10,3,0,1,Swift sword,Swift sword|Farmer armor|Merchant helm|Sea ring
1785716637115,90984,White rat,Vermin Cavern,0,0,18,15,19,10,1,0,64,2,10,2,10,3,1,0,Swift sword,Swift sword|Farmer armor|Merchant helm|Sea ring
1785716638089,90984,White rat,Vermin Cavern,0,0,18,15,19,10,1,0,64,1,10,2,10,1,0,1,Swift sword,Swift sword|Farmer armor|Merchant helm|Sea ring
1785716642103,511321,Rat,Vermin Cavern,0,0,18,15,19,10,1,0,64,4,7,4,6,0,0,1,Swift sword,Swift sword|Farmer armor|Merchant helm|Sea ring
1785716642632,511321,Rat,Vermin Cavern,0,0,18,15,19,10,1,0,64,4,7,4,6,0,0,1,Swift sword,Swift sword|Farmer armor|Merchant helm|Sea ring
1785716643157,511321,Rat,Vermin Cavern,1,32,18,15,19,10,1,0,64,4,7,4,6,0,0,1,Swift sword,Swift sword|Farmer armor|Merchant helm|Sea ring
1785716643937,511321,Rat,Vermin Cavern,1,32,18,15,19,10,1,0,64,4,7,4,6,0,0,1,Swift sword,Swift sword|Farmer armor|Merchant helm|Sea ring
1785716644553,511321,Rat,Vermin Cavern,0,0,18,15,19,10,1,0,64,4,7,4,6,0,0,1,Swift sword,Swift sword|Farmer armor|Merchant helm|Sea ring
1785716645083,511321,Rat,Vermin Cavern,0,0,18,15,19,10,1,0,64,4,7,4,6,0,0,1,Swift sword,Swift sword|Farmer armor|Merchant helm|Sea ring
1785716645695,511321,Rat,Vermin Cavern,0,0,18,15,19,10,1,0,64,4,7,4,6,0,0,1,Swift sword,Swift sword|Farmer armor|Merchant helm|Sea ring
1785716646308,511321,Rat,Vermin Cavern,0,0,18,15,19,10,1,0,64,4,7,4,6,0,0,1,Swift sword,Swift sword|Farmer armor|Merchant helm|Sea ring
1785716653651,555375,Mouse,Vermin Cavern,0,0,18,15,19,10,1,0,64,0,3,1,3,1,0,1,Swift sword,Swift sword|Farmer armor|Merchant helm|Sea ring
1785716654180,555375,Mouse,Vermin Cavern,1,30,18,15,19,10,1,0,64,0,3,1,3,1,0,1,Swift sword,Swift sword|Farmer armor|Merchant helm|Sea ring
1785716654795,555375,Mouse,Vermin Cavern,1,30,18,15,19,10,1,0,64,0,3,1,3,1,0,1,Swift sword,Swift sword|Farmer armor|Merchant helm|Sea ring
1785716655410,555375,Mouse,Vermin Cavern,1,31,18,15,19,10,1,0,64,0,3,1,3,1,0,1,Swift sword,Swift sword|Farmer armor|Merchant helm|Sea ring
1785716655935,555375,Mouse,Vermin Cavern,1,31,18,15,19,10,1,0,64,0,3,1,3,1,0,1,Swift sword,Swift sword|Farmer armor|Merchant helm|Sea ring
1785716656489,555375,Mouse,Vermin Cavern,0,0,18,15,19,10,1,0,64,1,3,1,3,1,1,0,Swift sword,Swift sword|Farmer armor|Merchant helm|Sea ring
1785716665239,90982,Mouse,Vermin Cavern,1,29,18,15,19,10,1,0,64,5,9,5,10,2,0,1,Swift sword,Swift sword|Farmer armor|Merchant helm|Sea ring
1785716665767,90982,Mouse,Vermin Cavern,1,28,18,15,19,10,1,0,64,5,9,5,10,2,0,1,Swift sword,Swift sword|Farmer armor|Merchant helm|Sea ring
1785716666381,90982,Mouse,Vermin Cavern,1,28,18,15,19,10,1,0,64,5,9,5,10,2,0,1,Swift sword,Swift sword|Farmer armor|Merchant helm|Sea ring
1785716666993,90982,Mouse,Vermin Cavern,1,30,18,15,19,10,1,0,64,5,9,5,10,2,0,1,Swift sword,Swift sword|Farmer armor|Merchant helm|Sea ring
1785716667521,90982,Mouse,Vermin Cavern,1,30,18,15,19,10,1,0,64,5,9,5,10,2,0,1,Swift sword,Swift sword|Farmer armor|Merchant helm|Sea ring
1785716668355,90982,Mouse,Vermin Cavern,0,0,18,15,19,10,1,0,64,5,9,5,10,2,0,1,Swift sword,Swift sword|Farmer armor|Merchant helm|Sea ring
1785716700350,555377,Rat,Vermin Cavern,0,0,18,15,19,10,1,0,64,12,12,12,12,2,1,0,Swift sword,Swift sword|Farmer armor|Merchant helm|Sea ring
1785716701657,555377,Rat,Vermin Cavern,0,0,18,15,19,10,1,0,64,12,13,12,12,0,0,1,Swift sword,Swift sword|Farmer armor|Merchant helm|Sea ring
1785716702185,555377,Rat,Vermin Cavern,0,0,18,15,19,10,1,0,64,12,13,12,12,0,0,1,Swift sword,Swift sword|Farmer armor|Merchant helm|Sea ring
1785716702801,555377,Rat,Vermin Cavern,0,0,18,15,19,10,1,0,64,12,13,12,12,0,0,1,Swift sword,Swift sword|Farmer armor|Merchant helm|Sea ring
1785716703415,555377,Rat,Vermin Cavern,0,0,18,15,19,10,1,0,64,12,13,12,12,0,0,1,Swift sword,Swift sword|Farmer armor|Merchant helm|Sea ring
1785716703943,555377,Rat,Vermin Cavern,1,58,18,15,19,10,1,0,64,12,13,12,12,0,0,1,Swift sword,Swift sword|Farmer armor|Merchant helm|Sea ring
1785716704513,555377,Rat,Vermin Cavern,1,58,18,15,19,10,1,0,64,12,12,12,11,0,0,1,Swift sword,Swift sword|Farmer armor|Merchant helm|Sea ring
1785716705243,555377,Rat,Vermin Cavern,0,0,18,15,19,10,1,0,64,12,11,12,11,3,1,0,Swift sword,Swift sword|Farmer armor|Merchant helm|Sea ring
1785716708663,626845,White rat,Vermin Cavern,1,29,18,15,19,10,1,0,64,11,16,11,17,2,0,1,Swift sword,Swift sword|Farmer armor|Merchant helm|Sea ring
1785716709294,626845,White rat,Vermin Cavern,0,0,18,15,19,10,1,0,64,11,16,11,17,2,0,1,Swift sword,Swift sword|Farmer armor|Merchant helm|Sea ring
1785723866856,356616,,Leviathan Fields,0,0,18,15,18,10,0,3,89,30,30,31,30,1,0,1,Novice sword,Novice sword|Farmer armor|Merchant helm|Black ring|Sea ring
1785723867386,356616,,Leviathan Fields,0,0,18,15,18,10,0,3,89,30,30,31,30,1,0,1,Novice sword,Novice sword|Farmer armor|Merchant helm|Black ring|Sea ring
1785723867956,356616,,Leviathan Fields,0,0,18,15,18,10,0,3,89,31,30,32,30,1,0,1,Novice sword,Novice sword|Farmer armor|Merchant helm|Black ring|Sea ring
1785723868571,356616,,Leviathan Fields,0,0,18,15,18,10,0,3,89,31,30,32,30,1,0,1,Novice sword,Novice sword|Farmer armor|Merchant helm|Black ring|Sea ring
1785723869100,356616,,Leviathan Fields,1,24,18,15,18,10,0,3,89,31,30,32,30,1,0,1,Novice sword,Novice sword|Farmer armor|Merchant helm|Black ring|Sea ring
1785723869672,356616,,Leviathan Fields,1,24,18,15,18,10,0,3,89,32,30,33,30,1,0,1,Novice sword,Novice sword|Farmer armor|Merchant helm|Black ring|Sea ring
1785723870200,356616,,Leviathan Fields,0,0,18,15,18,10,0,3,89,32,30,33,30,1,0,1,Novice sword,Novice sword|Farmer armor|Merchant helm|Black ring|Sea ring
1785723870817,356616,,Leviathan Fields,1,13,18,15,18,10,0,3,89,32,30,33,30,1,0,1,Novice sword,Novice sword|Farmer armor|Merchant helm|Black ring|Sea ring
1785723871433,356616,,Leviathan Fields,0,0,18,15,18,10,0,3,89,32,30,33,30,1,0,1,Novice sword,Novice sword|Farmer armor|Merchant helm|Black ring|Sea ring
1785723871962,356616,,Leviathan Fields,1,14,18,15,18,10,0,3,89,32,30,33,30,1,0,1,Novice sword,Novice sword|Farmer armor|Merchant helm|Black ring|Sea ring
1785723872578,356616,Green squirrel,Leviathan Fields,0,0,18,15,18,10,0,3,89,32,30,33,30,1,0,1,Novice sword,Novice sword|Farmer armor|Merchant helm|Black ring|Sea ring
1785723873192,356616,Green squirrel,Leviathan Fields,0,0,18,15,18,10,0,3,89,32,30,33,30,1,0,1,Novice sword,Novice sword|Farmer armor|Merchant helm|Black ring|Sea ring
1785723873720,356616,Green squirrel,Leviathan Fields,0,0,18,15,18,10,0,3,89,32,30,33,30,1,0,1,Novice sword,Novice sword|Farmer armor|Merchant helm|Black ring|Sea ring
1785723874336,356616,Green squirrel,Leviathan Fields,1,12,18,15,18,10,0,3,89,32,30,33,30,1,0,1,Novice sword,Novice sword|Farmer armor|Merchant helm|Black ring|Sea ring
1785723874969,356616,Green squirrel,Leviathan Fields,0,0,18,15,18,10,0,3,89,32,30,33,30,1,0,1,Novice sword,Novice sword|Farmer armor|Merchant helm|Black ring|Sea ring
1785723875497,356616,Green squirrel,Leviathan Fields,1,14,18,15,18,10,0,3,89,32,30,33,30,1,0,1,Novice sword,Novice sword|Farmer armor|Merchant helm|Black ring|Sea ring
1785723876112,356616,Green squirrel,Leviathan Fields,1,14,18,15,18,10,0,3,89,32,30,33,30,1,0,1,Novice sword,Novice sword|Farmer armor|Merchant helm|Black ring|Sea ring
1785723876724,356616,Green squirrel,Leviathan Fields,1,12,18,15,18,10,0,3,89,32,30,33,30,1,0,1,Novice sword,Novice sword|Farmer armor|Merchant helm|Black ring|Sea ring
1785723877251,356616,Green squirrel,Leviathan Fields,1,12,18,15,18,10,0,3,89,32,30,33,30,1,0,1,Novice sword,Novice sword|Farmer armor|Merchant helm|Black ring|Sea ring
1785723877867,356616,Green squirrel,Leviathan Fields,0,0,18,15,18,10,0,3,89,32,30,33,30,1,0,1,Novice sword,Novice sword|Farmer armor|Merchant helm|Black ring|Sea ring
1785723878483,356616,Green squirrel,Leviathan Fields,1,14,18,15,18,10,0,3,89,32,30,33,30,1,0,1,Novice sword,Novice sword|Farmer armor|Merchant helm|Black ring|Sea ring
1785723879011,356616,Green squirrel,Leviathan Fields,1,14,18,15,18,10,0,3,89,32,30,33,30,1,0,1,Novice sword,Novice sword|Farmer armor|Merchant helm|Black ring|Sea ring
1785723879646,356616,Green squirrel,Leviathan Fields,1,12,18,15,18,10,0,3,89,32,30,33,30,1,0,1,Novice sword,Novice sword|Farmer armor|Merchant helm|Black ring|Sea ring
1785723880258,356616,Green squirrel,Leviathan Fields,1,12,18,15,18,10,0,3,89,32,30,33,30,1,0,1,Novice sword,Novice sword|Farmer armor|Merchant helm|Black ring|Sea ring
1785723904208,104804,Green squirrel,Leviathan Fields,0,0,18,15,18,10,0,3,54,36,37,36,38,2,0,1,Novice sword,Novice sword|Farmer armor|Merchant helm|Black ring|Sea ring
1785723904735,104804,Green squirrel,Leviathan Fields,0,0,18,15,18,10,0,3,54,36,37,36,38,2,0,1,Novice sword,Novice sword|Farmer armor|Merchant helm|Black ring|Sea ring
1785723905307,104804,Green squirrel,Leviathan Fields,1,26,18,15,18,10,0,3,54,36,38,36,39,2,0,1,Novice sword,Novice sword|Farmer armor|Merchant helm|Black ring|Sea ring
1785723905834,104804,Green squirrel,Leviathan Fields,1,13,18,15,18,10,0,3,54,36,38,36,39,2,0,1,Novice sword,Novice sword|Farmer armor|Merchant helm|Black ring|Sea ring
1785723906449,104804,Green squirrel,Leviathan Fields,1,13,18,15,18,10,0,3,54,36,38,36,39,2,0,1,Novice sword,Novice sword|Farmer armor|Merchant helm|Black ring|Sea ring
1785723907063,104804,Green squirrel,Leviathan Fields,1,13,18,15,18,10,0,3,54,36,38,36,39,2,0,1,Novice sword,Novice sword|Farmer armor|Merchant helm|Black ring|Sea ring
1785723907592,104804,Green squirrel,Leviathan Fields,1,12,18,15,18,10,0,3,54,36,38,36,39,2,0,1,Novice sword,Novice sword|Farmer armor|Merchant helm|Black ring|Sea ring
1785723908095,104804,Green squirrel,Leviathan Fields,0,0,18,15,18,10,0,3,54,36,38,36,39,2,0,1,Novice sword,Novice sword|Farmer armor|Merchant helm|Black ring|Sea ring
1785723908842,104804,Green squirrel,Leviathan Fields,0,0,18,15,18,10,0,3,54,36,38,36,39,2,0,1,Novice sword,Novice sword|Farmer armor|Merchant helm|Black ring|Sea ring
1785723909369,104804,Green squirrel,Leviathan Fields,1,14,18,15,18,10,0,3,54,36,38,36,39,2,0,1,Novice sword,Novice sword|Farmer armor|Merchant helm|Black ring|Sea ring
1785723909984,104804,Green squirrel,Leviathan Fields,0,0,18,15,18,10,0,3,54,36,38,36,39,2,0,1,Novice sword,Novice sword|Farmer armor|Merchant helm|Black ring|Sea ring
1785723910599,104804,Green squirrel,Leviathan Fields,1,12,18,15,18,10,0,3,54,36,38,36,39,2,0,1,Novice sword,Novice sword|Farmer armor|Merchant helm|Black ring|Sea ring
1785723911127,104804,Green squirrel,Leviathan Fields,1,12,18,15,18,10,0,3,54,36,38,36,39,2,0,1,Novice sword,Novice sword|Farmer armor|Merchant helm|Black ring|Sea ring
1785723911744,104804,Green squirrel,Leviathan Fields,1,12,18,15,18,10,0,3,54,36,38,36,39,2,0,1,Novice sword,Novice sword|Farmer armor|Merchant helm|Black ring|Sea ring
1785723912377,104804,Green squirrel,Leviathan Fields,0,0,18,15,18,10,0,3,54,36,38,36,39,2,0,1,Novice sword,Novice sword|Farmer armor|Merchant helm|Black ring|Sea ring
1785723912904,104804,Green squirrel,Leviathan Fields,1,42,18,15,18,10,0,3,54,36,38,36,39,2,0,1,Novice sword,Novice sword|Farmer armor|Merchant helm|Black ring|Sea ring
1785723941241,664464,Green squirrel,Leviathan Fields,0,0,18,15,18,10,0,3,54,34,18,34,17,0,0,1,Novice sword,Novice sword|Farmer armor|Merchant helm|Black ring|Sea ring
1785723941769,664464,Green squirrel,Leviathan Fields,0,0,18,15,18,10,0,3,54,34,18,34,17,0,0,1,Novice sword,Novice sword|Farmer armor|Merchant helm|Black ring|Sea ring
1785723942341,664464,Green squirrel,Leviathan Fields,1,24,18,15,18,10,0,3,54,34,17,34,16,0,0,1,Novice sword,Novice sword|Farmer armor|Merchant helm|Black ring|Sea ring
1785723942869,664464,Green squirrel,Leviathan Fields,0,0,18,15,18,10,0,3,54,34,17,34,16,0,0,1,Novice sword,Novice sword|Farmer armor|Merchant helm|Black ring|Sea ring
1785723943486,664464,Green squirrel,Leviathan Fields,1,12,18,15,18,10,0,3,54,34,17,34,16,0,0,1,Novice sword,Novice sword|Farmer armor|Merchant helm|Black ring|Sea ring
1785723944100,664464,Green squirrel,Leviathan Fields,1,12,18,15,18,10,0,3,54,34,17,34,16,0,0,1,Novice sword,Novice sword|Farmer armor|Merchant helm|Black ring|Sea ring
1785723944633,664464,Green squirrel,Leviathan Fields,1,14,18,15,18,10,0,3,54,34,17,34,16,0,0,1,Novice sword,Novice sword|Farmer armor|Merchant helm|Black ring|Sea ring
1785723945259,664464,Green squirrel,Leviathan Fields,1,13,18,15,18,10,0,3,54,34,17,34,16,0,0,1,Novice sword,Novice sword|Farmer armor|Merchant helm|Black ring|Sea ring
1785723946303,664464,Green squirrel,Leviathan Fields,1,12,18,15,18,10,0,3,54,34,17,34,16,0,0,1,Novice sword,Novice sword|Farmer armor|Merchant helm|Black ring|Sea ring
1785723946833,664464,Green squirrel,Leviathan Fields,1,12,18,15,18,10,0,3,54,34,17,34,16,0,0,1,Novice sword,Novice sword|Farmer armor|Merchant helm|Black ring|Sea ring
1785723947448,664464,Green squirrel,Leviathan Fields,1,12,18,15,18,10,0,3,54,34,17,34,16,0,0,1,Novice sword,Novice sword|Farmer armor|Merchant helm|Black ring|Sea ring
1785723948495,664464,Green squirrel,Leviathan Fields,1,13,18,15,18,10,0,3,54,34,17,34,16,0,0,1,Novice sword,Novice sword|Farmer armor|Merchant helm|Black ring|Sea ring
1785723949023,664464,Green squirrel,Leviathan Fields,1,39,18,15,18,10,0,3,54,34,17,34,16,0,0,1,Novice sword,Novice sword|Farmer armor|Merchant helm|Black ring|Sea ring
1785723959197,104800,Green squirrel,Leviathan Fields,0,0,18,15,18,10,0,3,54,27,14,27,13,0,0,1,Novice sword,Novice sword|Farmer armor|Merchant helm|Black ring|Sea ring
1785723959713,104800,Green squirrel,Leviathan Fields,0,0,18,15,18,10,0,3,54,27,14,27,13,0,0,1,Novice sword,Novice sword|Farmer armor|Merchant helm|Black ring|Sea ring
1785723960240,104800,Green squirrel,Leviathan Fields,0,0,18,15,18,10,0,3,54,27,14,27,13,0,0,1,Novice sword,Novice sword|Farmer armor|Merchant helm|Black ring|Sea ring
1785723960847,104800,Green squirrel,Leviathan Fields,1,26,18,15,18,10,0,3,54,27,13,27,12,0,0,1,Novice sword,Novice sword|Farmer armor|Merchant helm|Black ring|Sea ring
1785723961376,104800,Green squirrel,Leviathan Fields,1,12,18,15,18,10,0,3,54,27,13,27,12,0,0,1,Novice sword,Novice sword|Farmer armor|Merchant helm|Black ring|Sea ring
1785723961872,104800,Green squirrel,Leviathan Fields,1,14,18,15,18,10,0,3,54,27,13,27,12,0,0,1,Novice sword,Novice sword|Farmer armor|Merchant helm|Black ring|Sea ring
1785723962619,104800,Green squirrel,Leviathan Fields,1,12,18,15,18,10,0,3,54,27,13,27,12,0,0,1,Novice sword,Novice sword|Farmer armor|Merchant helm|Black ring|Sea ring
1785723963146,104800,Green squirrel,Leviathan Fields,1,14,18,15,18,10,0,3,54,27,13,27,12,0,0,1,Novice sword,Novice sword|Farmer armor|Merchant helm|Black ring|Sea ring
1785723963761,104800,Green squirrel,Leviathan Fields,1,12,18,15,18,10,0,3,54,27,13,27,12,0,0,1,Novice sword,Novice sword|Farmer armor|Merchant helm|Black ring|Sea ring
1785723964806,104800,Green squirrel,Leviathan Fields,0,0,18,15,18,10,0,3,54,27,13,27,12,0,0,1,Novice sword,Novice sword|Farmer armor|Merchant helm|Black ring|Sea ring
1785723965334,104800,Green squirrel,Leviathan Fields,0,0,18,15,18,10,0,3,54,27,13,27,12,0,0,1,Novice sword,Novice sword|Farmer armor|Merchant helm|Black ring|Sea ring
1785723965949,104800,Green squirrel,Leviathan Fields,1,13,18,15,18,10,0,3,54,27,13,27,12,0,0,1,Novice sword,Novice sword|Farmer armor|Merchant helm|Black ring|Sea ring
1785723967013,104800,Green squirrel,Leviathan Fields,1,13,18,15,18,10,0,3,54,27,13,27,12,0,0,1,Novice sword,Novice sword|Farmer armor|Merchant helm|Black ring|Sea ring
1785723967542,104800,Green squirrel,Leviathan Fields,1,13,18,15,18,10,0,3,54,27,13,27,12,0,0,1,Novice sword,Novice sword|Farmer armor|Merchant helm|Black ring|Sea ring
1785723968158,104800,Green squirrel,Leviathan Fields,0,0,18,15,18,10,0,3,54,27,13,27,12,0,0,1,Novice sword,Novice sword|Farmer armor|Merchant helm|Black ring|Sea ring
1785723969203,104800,Green squirrel,Leviathan Fields,1,13,18,15,18,10,0,3,54,27,13,27,12,0,0,1,Novice sword,Novice sword|Farmer armor|Merchant helm|Black ring|Sea ring
1785723981764,664462,Green squirrel,Leviathan Fields,1,24,18,15,18,10,0,3,54,16,23,15,23,3,0,1,Novice sword,Novice sword|Farmer armor|Merchant helm|Black ring|Sea ring
1785723982291,664462,Green squirrel,Leviathan Fields,1,12,18,15,18,10,0,3,54,16,23,15,23,3,0,1,Novice sword,Novice sword|Farmer armor|Merchant helm|Black ring|Sea ring
1785723982915,664462,Green squirrel,Leviathan Fields,1,14,18,15,18,10,0,3,54,16,23,15,23,3,0,1,Novice sword,Novice sword|Farmer armor|Merchant helm|Black ring|Sea ring
1785723983527,664462,Green squirrel,Leviathan Fields,1,12,18,15,18,10,0,3,54,16,23,15,23,3,0,1,Novice sword,Novice sword|Farmer armor|Merchant helm|Black ring|Sea ring
1785723984054,664462,Green squirrel,Leviathan Fields,1,14,18,15,18,10,0,3,54,16,23,15,23,3,0,1,Novice sword,Novice sword|Farmer armor|Merchant helm|Black ring|Sea ring
1785723984672,664462,Green squirrel,Leviathan Fields,1,14,18,15,18,10,0,3,54,16,23,15,23,3,0,1,Novice sword,Novice sword|Farmer armor|Merchant helm|Black ring|Sea ring
1785723985287,664462,Green squirrel,Leviathan Fields,1,12,18,15,18,10,0,3,54,16,23,15,23,3,0,1,Novice sword,Novice sword|Farmer armor|Merchant helm|Black ring|Sea ring
1785723985815,664462,Green squirrel,Leviathan Fields,1,13,18,15,18,10,0,3,54,16,23,15,23,3,0,1,Novice sword,Novice sword|Farmer armor|Merchant helm|Black ring|Sea ring
1785723986432,664462,Green squirrel,Leviathan Fields,1,14,18,15,18,10,0,3,54,16,23,15,23,3,0,1,Novice sword,Novice sword|Farmer armor|Merchant helm|Black ring|Sea ring
1785723987063,664462,Green squirrel,Leviathan Fields,1,37,18,15,18,10,0,3,54,16,23,15,23,3,0,1,Novice sword,Novice sword|Farmer armor|Merchant helm|Black ring|Sea ring
1785724066609,353584,Green squirrel,Leviathan Hermit,0,0,18,12,18,10,0,3,54,5,7,5,8,2,0,1,Novice sword,Novice sword|Farmer armor|Merchant helm|Black ring|Sea ring
1785724067136,353584,Green squirrel,Leviathan Hermit,0,0,18,12,18,10,0,3,54,5,7,5,8,2,0,1,Novice sword,Novice sword|Farmer armor|Merchant helm|Black ring|Sea ring
1785724067755,353584,Green squirrel,Leviathan Hermit,0,0,18,12,18,10,0,3,54,5,7,5,8,2,0,1,Novice sword,Novice sword|Farmer armor|Merchant helm|Black ring|Sea ring
1785724068368,353584,Green squirrel,Leviathan Hermit,0,0,18,12,18,10,0,3,54,5,7,5,8,2,0,1,Novice sword,Novice sword|Farmer armor|Merchant helm|Black ring|Sea ring
1785724069335,353584,Green squirrel,Leviathan Hermit,0,0,18,12,18,10,0,3,54,6,7,6,8,2,0,1,Novice sword,Novice sword|Farmer armor|Merchant helm|Black ring|Sea ring
1785724069863,353584,Green squirrel,Leviathan Hermit,0,0,18,12,18,10,0,3,54,6,7,6,8,2,0,1,Novice sword,Novice sword|Farmer armor|Merchant helm|Black ring|Sea ring
1785724070477,353584,Green squirrel,Leviathan Hermit,0,0,18,12,18,10,0,3,54,6,7,6,8,2,0,1,Novice sword,Novice sword|Farmer armor|Merchant helm|Black ring|Sea ring
1785724071310,353584,Green squirrel,Leviathan Hermit,0,0,18,12,18,10,0,3,54,7,7,7,8,2,0,1,Novice sword,Novice sword|Farmer armor|Merchant helm|Black ring|Sea ring
1785724071837,353584,Green squirrel,Leviathan Hermit,0,0,18,12,18,10,0,3,54,7,7,7,8,2,0,1,Novice sword,Novice sword|Farmer armor|Merchant helm|Black ring|Sea ring
1785724072461,353584,Green squirrel,Leviathan Hermit,0,0,18,12,18,10,0,3,54,7,7,7,8,2,0,1,Novice sword,Novice sword|Farmer armor|Merchant helm|Black ring|Sea ring
1785724073294,353584,Green squirrel,Leviathan Hermit,0,0,18,12,18,10,0,3,54,8,7,8,8,2,0,1,Novice sword,Novice sword|Farmer armor|Merchant helm|Black ring|Sea ring
1785724073821,353584,Green squirrel,Leviathan Hermit,0,0,18,12,18,10,0,3,54,8,7,8,8,2,0,1,Novice sword,Novice sword|Farmer armor|Merchant helm|Black ring|Sea ring
1785724074437,353584,Green squirrel,Leviathan Hermit,0,0,18,12,18,10,0,3,54,8,7,8,8,2,0,1,Novice sword,Novice sword|Farmer armor|Merchant helm|Black ring|Sea ring
1785724075270,353584,Green squirrel,Leviathan Hermit,0,0,18,12,18,10,0,3,54,9,7,9,8,2,0,1,Novice sword,Novice sword|Farmer armor|Merchant helm|Black ring|Sea ring
1785724075799,353584,Green squirrel,Leviathan Hermit,0,0,18,12,18,10,0,3,54,9,7,9,8,2,0,1,Novice sword,Novice sword|Farmer armor|Merchant helm|Black ring|Sea ring
1785724076414,353584,Green squirrel,Leviathan Hermit,0,0,18,12,18,10,0,3,54,9,7,9,8,2,0,1,Novice sword,Novice sword|Farmer armor|Merchant helm|Black ring|Sea ring
1785724077034,353584,Green squirrel,Leviathan Hermit,0,0,18,12,18,10,0,3,54,9,7,9,8,2,0,1,Novice sword,Novice sword|Farmer armor|Merchant helm|Black ring|Sea ring
1785724077868,353584,Green squirrel,Leviathan Hermit,0,0,18,12,18,10,0,3,54,10,7,10,8,2,0,1,Novice sword,Novice sword|Farmer armor|Merchant helm|Black ring|Sea ring
1785724078396,353584,Green squirrel,Leviathan Hermit,0,0,18,12,18,10,0,3,54,10,7,10,8,2,0,1,Novice sword,Novice sword|Farmer armor|Merchant helm|Black ring|Sea ring
1785724079012,353584,Green squirrel,Leviathan Hermit,0,0,18,12,18,10,0,3,54,10,7,10,8,2,0,1,Novice sword,Novice sword|Farmer armor|Merchant helm|Black ring|Sea ring
1785724079845,353584,Green squirrel,Leviathan Hermit,0,0,18,12,18,10,0,3,54,11,7,11,8,2,0,1,Novice sword,Novice sword|Farmer armor|Merchant helm|Black ring|Sea ring
1785724080373,353584,Green squirrel,Leviathan Hermit,0,0,18,12,18,10,0,3,54,11,7,11,8,2,0,1,Novice sword,Novice sword|Farmer armor|Merchant helm|Black ring|Sea ring
1785724080989,353584,Green squirrel,Leviathan Hermit,0,0,18,12,18,10,0,3,54,11,7,11,8,2,0,1,Novice sword,Novice sword|Farmer armor|Merchant helm|Black ring|Sea ring
1785724081829,353584,Green squirrel,Leviathan Hermit,0,0,18,12,18,10,0,3,54,12,7,12,8,2,0,1,Novice sword,Novice sword|Farmer armor|Merchant helm|Black ring|Sea ring
1785724082358,353584,Green squirrel,Leviathan Hermit,0,0,18,12,18,10,0,3,54,12,7,12,8,2,0,1,Novice sword,Novice sword|Farmer armor|Merchant helm|Black ring|Sea ring
1785724082974,353584,Green squirrel,Leviathan Hermit,0,0,18,12,18,10,0,3,54,12,7,12,8,2,0,1,Novice sword,Novice sword|Farmer armor|Merchant helm|Black ring|Sea ring
1785724083808,353584,Green squirrel,Leviathan Hermit,0,0,18,12,18,10,0,3,54,13,7,13,8,2,0,1,Novice sword,Novice sword|Farmer armor|Merchant helm|Black ring|Sea ring
1785724084336,353584,Green squirrel,Leviathan Hermit,0,0,18,12,18,10,0,3,54,13,7,13,8,2,0,1,Novice sword,Novice sword|Farmer armor|Merchant helm|Black ring|Sea ring
1785724084951,353584,Green squirrel,Leviathan Hermit,1,12,18,12,18,10,0,3,54,13,7,13,8,2,0,1,Novice sword,Novice sword|Farmer armor|Merchant helm|Black ring|Sea ring
1785724085566,353584,Green squirrel,Leviathan Hermit,1,14,18,12,18,10,0,3,54,13,7,13,8,2,0,1,Novice sword,Novice sword|Farmer armor|Merchant helm|Black ring|Sea ring
1785724086094,353584,Green squirrel,Leviathan Hermit,1,13,18,12,18,10,0,3,54,13,7,13,8,2,0,1,Novice sword,Novice sword|Farmer armor|Merchant helm|Black ring|Sea ring
1785724086722,353584,Green squirrel,Leviathan Hermit,1,13,18,12,18,10,0,3,54,13,7,13,8,2,0,1,Novice sword,Novice sword|Farmer armor|Merchant helm|Black ring|Sea ring
1785724087335,353584,Green squirrel,Leviathan Hermit,1,12,18,12,18,10,0,3,54,13,7,13,8,2,0,1,Novice sword,Novice sword|Farmer armor|Merchant helm|Black ring|Sea ring
1785724087864,353584,Green squirrel,Leviathan Hermit,1,12,18,12,18,10,0,3,54,13,7,13,8,2,0,1,Novice sword,Novice sword|Farmer armor|Merchant helm|Black ring|Sea ring
1785724088483,353584,Green squirrel,Leviathan Hermit,1,13,18,12,18,10,0,3,54,13,7,13,8,2,0,1,Novice sword,Novice sword|Farmer armor|Merchant helm|Black ring|Sea ring
1785724089097,353584,Green squirrel,Leviathan Hermit,1,12,18,12,18,10,0,3,54,13,7,13,8,2,0,1,Novice sword,Novice sword|Farmer armor|Merchant helm|Black ring|Sea ring
1785724089624,353584,Green squirrel,Leviathan Hermit,1,14,18,12,18,10,0,3,54,13,7,13,8,2,0,1,Novice sword,Novice sword|Farmer armor|Merchant helm|Black ring|Sea ring
1785724090240,353584,Green squirrel,Leviathan Hermit,1,13,18,12,18,10,0,3,54,13,7,13,8,2,0,1,Novice sword,Novice sword|Farmer armor|Merchant helm|Black ring|Sea ring
1785724090872,353584,Green squirrel,Leviathan Hermit,1,14,18,12,18,10,0,3,54,13,7,13,8,2,0,1,Novice sword,Novice sword|Farmer armor|Merchant helm|Black ring|Sea ring
1785724091399,353584,Green squirrel,Leviathan Hermit,1,14,18,12,18,10,0,3,54,13,7,13,8,2,0,1,Novice sword,Novice sword|Farmer armor|Merchant helm|Black ring|Sea ring
1785724092014,353584,Green squirrel,Leviathan Hermit,1,37,18,12,18,10,0,3,54,13,7,13,8,2,0,1,Novice sword,Novice sword|Farmer armor|Merchant helm|Black ring|Sea ring
1785724092626,718295,,Leviathan Hermit,0,0,18,12,18,10,0,3,54,13,7,13,8,2,0,1,Novice sword,Novice sword|Farmer armor|Merchant helm|Black ring|Sea ring
1785724113595,106193,Green squirrel,Leviathan Hermit,0,0,18,12,18,10,0,3,54,5,23,4,22,3,1,2,Novice sword,Novice sword|Farmer armor|Merchant helm|Black ring|Sea ring
1785724114296,106193,Green squirrel,Leviathan Hermit,1,28,18,12,18,10,0,3,54,4,23,4,22,0,0,1,Novice sword,Novice sword|Farmer armor|Merchant helm|Black ring|Sea ring
1785724114824,106193,Green squirrel,Leviathan Hermit,1,26,18,12,18,10,0,3,54,4,23,4,22,0,0,1,Novice sword,Novice sword|Farmer armor|Merchant helm|Black ring|Sea ring
1785724115455,106193,Green squirrel,Leviathan Hermit,1,12,18,12,18,10,0,3,54,4,23,4,22,0,0,1,Novice sword,Novice sword|Farmer armor|Merchant helm|Black ring|Sea ring
1785724116068,106193,Green squirrel,Leviathan Hermit,0,0,18,12,18,10,0,3,54,4,23,4,22,0,0,1,Novice sword,Novice sword|Farmer armor|Merchant helm|Black ring|Sea ring
1785724116597,106193,Green squirrel,Leviathan Hermit,1,14,18,12,18,10,0,3,54,4,23,4,22,0,0,1,Novice sword,Novice sword|Farmer armor|Merchant helm|Black ring|Sea ring
1785724117213,106193,Green squirrel,Leviathan Hermit,1,12,18,12,18,10,0,3,54,4,23,4,22,0,0,1,Novice sword,Novice sword|Farmer armor|Merchant helm|Black ring|Sea ring
1785724117827,106193,Green squirrel,Leviathan Hermit,1,14,18,12,18,10,0,3,54,4,23,4,22,0,0,1,Novice sword,Novice sword|Farmer armor|Merchant helm|Black ring|Sea ring
1785724118355,106193,Green squirrel,Leviathan Hermit,0,0,18,12,18,10,0,3,54,4,23,4,22,0,0,1,Novice sword,Novice sword|Farmer armor|Merchant helm|Black ring|Sea ring
1785724118969,106193,Green squirrel,Leviathan Hermit,1,12,18,12,18,10,0,3,54,4,23,4,22,0,0,1,Novice sword,Novice sword|Farmer armor|Merchant helm|Black ring|Sea ring
1785724119611,106193,Green squirrel,Leviathan Hermit,0,0,18,12,18,10,0,3,54,4,23,4,22,0,0,1,Novice sword,Novice sword|Farmer armor|Merchant helm|Black ring|Sea ring
1785724120140,106193,Green squirrel,Leviathan Hermit,1,14,18,12,18,10,0,3,54,4,23,4,22,0,0,1,Novice sword,Novice sword|Farmer armor|Merchant helm|Black ring|Sea ring
1785724120755,106193,Green squirrel,Leviathan Hermit,1,14,18,12,18,10,0,3,54,4,23,4,22,0,0,1,Novice sword,Novice sword|Farmer armor|Merchant helm|Black ring|Sea ring
1785724121370,106193,Green squirrel,Leviathan Hermit,1,12,18,12,18,10,0,3,54,4,23,4,22,0,0,1,Novice sword,Novice sword|Farmer armor|Merchant helm|Black ring|Sea ring
1785724138564,353588,Green squirrel,Leviathan Hermit,1,12,18,12,18,10,0,3,54,25,17,26,17,1,0,1,Novice sword,Novice sword|Farmer armor|Merchant helm|Black ring|Sea ring
1785724139091,353588,Green squirrel,Leviathan Hermit,1,13,18,12,18,10,0,3,54,25,17,26,17,1,0,1,Novice sword,Novice sword|Farmer armor|Merchant helm|Black ring|Sea ring
1785724139707,353588,Green squirrel,Leviathan Hermit,1,14,18,12,18,10,0,3,54,25,17,26,17,1,0,1,Novice sword,Novice sword|Farmer armor|Merchant helm|Black ring|Sea ring
1785724140771,353588,Green squirrel,Leviathan Hermit,1,13,18,12,18,10,0,3,54,25,17,26,17,1,0,1,Novice sword,Novice sword|Farmer armor|Merchant helm|Black ring|Sea ring
1785724141298,353588,Green squirrel,Leviathan Hermit,1,13,18,12,18,10,0,3,54,25,17,26,17,1,0,1,Novice sword,Novice sword|Farmer armor|Merchant helm|Black ring|Sea ring
1785724141915,353588,Green squirrel,Leviathan Hermit,0,0,18,12,18,10,0,3,54,25,17,26,17,1,0,1,Novice sword,Novice sword|Farmer armor|Merchant helm|Black ring|Sea ring
1785724142955,353588,Green squirrel,Leviathan Hermit,0,0,18,12,18,10,0,3,54,25,17,26,17,1,0,1,Novice sword,Novice sword|Farmer armor|Merchant helm|Black ring|Sea ring
1785724143485,353588,Green squirrel,Leviathan Hermit,0,0,18,12,18,10,0,3,54,25,17,26,17,1,0,1,Novice sword,Novice sword|Farmer armor|Merchant helm|Black ring|Sea ring
1785724144097,353588,Green squirrel,Leviathan Hermit,0,0,18,12,18,10,0,3,54,25,17,26,17,1,0,1,Novice sword,Novice sword|Farmer armor|Merchant helm|Black ring|Sea ring
1785724145161,353588,Green squirrel,Leviathan Hermit,1,13,18,12,18,10,0,3,54,25,17,26,17,1,0,1,Novice sword,Novice sword|Farmer armor|Merchant helm|Black ring|Sea ring
1785724145688,353588,Green squirrel,Leviathan Hermit,1,12,18,12,18,10,0,3,54,25,17,26,17,1,0,1,Novice sword,Novice sword|Farmer armor|Merchant helm|Black ring|Sea ring
1785724146308,353588,Green squirrel,Leviathan Hermit,1,12,18,12,18,10,0,3,54,25,17,26,17,1,0,1,Novice sword,Novice sword|Farmer armor|Merchant helm|Black ring|Sea ring
1785724146925,353588,Green squirrel,Leviathan Hermit,1,12,18,12,18,10,0,3,54,25,17,26,17,1,0,1,Novice sword,Novice sword|Farmer armor|Merchant helm|Black ring|Sea ring
1785724147452,353588,Green squirrel,Leviathan Hermit,1,13,18,12,18,10,0,3,54,25,17,26,17,1,0,1,Novice sword,Novice sword|Farmer armor|Merchant helm|Black ring|Sea ring
1785724148067,353588,Green squirrel,Leviathan Hermit,1,13,18,12,18,10,0,3,54,25,17,26,17,1,0,1,Novice sword,Novice sword|Farmer armor|Merchant helm|Black ring|Sea ring
1785724148680,353588,Green squirrel,Leviathan Hermit,1,13,18,12,18,10,0,3,54,25,17,26,17,1,0,1,Novice sword,Novice sword|Farmer armor|Merchant helm|Black ring|Sea ring
1785724163253,353586,Green squirrel,Leviathan Hermit,0,0,18,15,18,10,0,3,54,25,7,26,7,1,0,1,Novice sword,Novice sword|Farmer armor|Merchant helm|Black ring|Sea ring
1785724163781,353586,Green squirrel,Leviathan Hermit,1,24,18,15,18,10,0,3,54,25,7,26,7,1,0,1,Novice sword,Novice sword|Farmer armor|Merchant helm|Black ring|Sea ring
1785724164396,353586,Green squirrel,Leviathan Hermit,1,24,18,15,18,10,0,3,54,25,7,26,7,1,0,1,Novice sword,Novice sword|Farmer armor|Merchant helm|Black ring|Sea ring
1785724165010,353586,Green squirrel,Leviathan Hermit,1,79,18,15,18,10,0,3,54,25,7,26,7,1,0,1,Novice sword,Novice sword|Farmer armor|Merchant helm|Black ring|Sea ring
1785724165536,353586,Green squirrel,Leviathan Hermit,1,13,18,15,18,10,0,3,54,25,7,26,7,1,0,1,Novice sword,Novice sword|Farmer armor|Merchant helm|Black ring|Sea ring
1785724166039,353586,Green squirrel,Leviathan Hermit,1,13,18,15,18,10,0,3,54,25,7,26,7,1,0,1,Novice sword,Novice sword|Farmer armor|Merchant helm|Black ring|Sea ring
1785724166784,353586,Green squirrel,Leviathan Hermit,1,42,18,15,18,10,0,3,54,25,7,26,7,1,0,1,Novice sword,Novice sword|Farmer armor|Merchant helm|Black ring|Sea ring
1785724190354,355883,Green squirrel,Southern Fork,0,0,18,15,18,10,0,3,54,19,9,19,10,1,1,1,Novice sword,Novice sword|Farmer armor|Merchant helm|Black ring|Sea ring
1785724191174,355883,Green squirrel,Southern Fork,0,0,18,15,18,10,0,3,54,19,9,19,10,0,2,1,Novice sword,Novice sword|Farmer armor|Merchant helm|Black ring|Sea ring
1785724199749,355883,Green squirrel,Southern Fork,1,13,18,15,18,10,0,3,54,19,8,18,8,0,1,1,Novice sword,Novice sword|Farmer armor|Merchant helm|Black ring|Sea ring
1785724200961,355883,Green squirrel,Southern Fork,0,0,18,15,18,10,0,3,54,19,8,18,8,1,2,1,Novice sword,Novice sword|Farmer armor|Merchant helm|Black ring|Sea ring
1785724201636,355883,Green squirrel,Southern Fork,0,0,18,15,18,10,0,3,54,19,8,18,8,1,2,1,Novice sword,Novice sword|Farmer armor|Merchant helm|Black ring|Sea ring
1785724202511,355883,Green squirrel,Southern Fork,0,0,18,15,18,10,0,3,54,19,8,19,8,2,1,0,Novice sword,Novice sword|Farmer armor|Merchant helm|Black ring|Sea ring
1785724203270,355883,Green squirrel,Southern Fork,0,0,18,15,18,10,0,3,54,19,8,19,8,2,1,0,Novice sword,Novice sword|Farmer armor|Merchant helm|Black ring|Sea ring
1785724204024,355883,Green squirrel,Southern Fork,0,0,18,15,18,10,0,3,54,19,8,19,9,2,0,1,Novice sword,Novice sword|Farmer armor|Merchant helm|Black ring|Sea ring
1785724204781,355883,Green squirrel,Southern Fork,0,0,18,15,18,10,0,3,54,19,8,19,9,2,0,1,Novice sword,Novice sword|Farmer armor|Merchant helm|Black ring|Sea ring
1785724205637,355883,Green squirrel,Southern Fork,0,0,18,15,18,10,0,3,54,19,10,19,9,3,1,1,Novice sword,Novice sword|Farmer armor|Merchant helm|Black ring|Sea ring
1785724206395,355883,Green squirrel,Southern Fork,0,0,18,15,18,10,0,3,54,19,10,19,9,3,1,1,Novice sword,Novice sword|Farmer armor|Merchant helm|Black ring|Sea ring
1785724207152,355883,Green squirrel,Southern Fork,0,0,18,15,18,10,0,3,54,19,10,19,9,3,1,1,Novice sword,Novice sword|Farmer armor|Merchant helm|Black ring|Sea ring
1785724207907,355883,Green squirrel,Southern Fork,0,0,18,15,18,10,0,3,54,19,10,19,9,3,1,1,Novice sword,Novice sword|Farmer armor|Merchant helm|Black ring|Sea ring
1785724209213,355883,Green squirrel,Southern Fork,0,0,18,15,18,10,0,3,54,18,10,18,9,0,0,1,Novice sword,Novice sword|Farmer armor|Merchant helm|Black ring|Sea ring
1785724209968,355883,Green squirrel,Southern Fork,1,12,18,15,18,10,0,3,54,18,10,18,9,0,0,1,Novice sword,Novice sword|Farmer armor|Merchant helm|Black ring|Sea ring
1785724210956,355883,Green squirrel,Southern Fork,0,0,18,15,18,10,0,3,54,18,10,18,9,0,0,1,Novice sword,Novice sword|Farmer armor|Merchant helm|Black ring|Sea ring
1785724212242,355883,Green squirrel,Southern Fork,0,0,18,15,18,10,0,3,54,18,10,18,9,1,1,1,Novice sword,Novice sword|Farmer armor|Merchant helm|Black ring|Sea ring
1785724212999,355883,Green squirrel,Southern Fork,0,0,18,15,18,10,0,3,54,18,10,18,9,1,1,1,Novice sword,Novice sword|Farmer armor|Merchant helm|Black ring|Sea ring
1785724213755,355883,Green squirrel,Southern Fork,0,0,18,15,18,10,0,3,54,18,10,18,9,1,1,1,Novice sword,Novice sword|Farmer armor|Merchant helm|Black ring|Sea ring
1785724214512,355883,Green squirrel,Southern Fork,0,0,18,15,18,10,0,3,54,18,10,18,10,1,1,0,Novice sword,Novice sword|Farmer armor|Merchant helm|Black ring|Sea ring
1785724215387,355883,Green squirrel,Southern Fork,0,0,18,15,18,10,0,3,54,19,10,18,10,2,1,1,Novice sword,Novice sword|Farmer armor|Merchant helm|Black ring|Sea ring
1785724218697,355883,Green squirrel,Southern Fork,1,14,18,15,18,10,0,3,54,19,11,18,11,3,0,1,Novice sword,Novice sword|Farmer armor|Merchant helm|Black ring|Sea ring
1785724219886,355883,Green squirrel,Southern Fork,0,0,18,15,18,10,0,3,54,19,11,18,11,3,0,1,Novice sword,Novice sword|Farmer armor|Merchant helm|Black ring|Sea ring
1785724221461,355883,Green squirrel,Southern Fork,0,0,18,15,18,10,0,3,54,19,11,18,11,0,1,1,Novice sword,Novice sword|Farmer armor|Merchant helm|Black ring|Sea ring
1785724224583,355883,Green squirrel,Southern Fork,0,0,18,15,18,10,0,3,54,19,10,18,10,1,2,1,Novice sword,Novice sword|Farmer armor|Merchant helm|Black ring|Sea ring
1785724225572,355883,Green squirrel,Southern Fork,0,0,18,15,18,10,0,3,54,19,10,18,10,1,2,1,Novice sword,Novice sword|Farmer armor|Merchant helm|Black ring|Sea ring
1785724226325,355883,Green squirrel,Southern Fork,0,0,18,15,18,10,0,3,54,19,10,18,10,1,2,1,Novice sword,Novice sword|Farmer armor|Merchant helm|Black ring|Sea ring
1785724227228,355883,Green squirrel,Southern Fork,0,0,18,15,18,10,0,3,54,19,10,18,10,2,1,1,Novice sword,Novice sword|Farmer armor|Merchant helm|Black ring|Sea ring
1785724227984,355883,Green squirrel,Southern Fork,0,0,18,15,18,10,0,3,54,19,10,18,10,2,1,1,Novice sword,Novice sword|Farmer armor|Merchant helm|Black ring|Sea ring
1785724228742,355883,Green squirrel,Southern Fork,0,0,18,15,18,10,0,3,54,19,10,19,10,2,1,0,Novice sword,Novice sword|Farmer armor|Merchant helm|Black ring|Sea ring
1785724229498,355883,Green squirrel,Southern Fork,0,0,18,15,18,10,0,3,54,19,10,19,10,2,1,0,Novice sword,Novice sword|Farmer armor|Merchant helm|Black ring|Sea ring
1785724230356,355883,Green squirrel,Southern Fork,0,0,18,15,18,10,0,3,54,19,11,19,10,3,1,1,Novice sword,Novice sword|Farmer armor|Merchant helm|Black ring|Sea ring
1785724231111,355883,Green squirrel,Southern Fork,0,0,18,15,18,10,0,3,54,19,11,19,10,3,1,1,Novice sword,Novice sword|Farmer armor|Merchant helm|Black ring|Sea ring
1785724231868,355883,Green squirrel,Southern Fork,0,0,18,15,18,10,0,3,54,19,11,19,10,3,1,1,Novice sword,Novice sword|Farmer armor|Merchant helm|Black ring|Sea ring
1785724232624,355883,Green squirrel,Southern Fork,0,0,18,15,18,10,0,3,54,19,11,19,10,3,1,1,Novice sword,Novice sword|Farmer armor|Merchant helm|Black ring|Sea ring
1785724540335,104808,,Leviathan Fields,0,0,18,15,18,10,0,3,54,13,1,14,1,1,0,1,Novice sword,Novice sword|Farmer armor|Merchant helm|Black ring|Sea ring
1785724541093,104808,Green squirrel,Leviathan Fields,0,0,18,15,18,10,0,3,54,13,1,14,1,1,0,1,Novice sword,Novice sword|Farmer armor|Merchant helm|Black ring|Sea ring
1785724541623,104808,Green squirrel,Leviathan Fields,1,28,18,15,18,10,0,3,54,13,1,14,1,1,0,1,Novice sword,Novice sword|Farmer armor|Merchant helm|Black ring|Sea ring
1785724542197,104808,Green squirrel,Leviathan Fields,1,28,18,15,18,10,0,3,54,14,1,15,1,1,0,1,Novice sword,Novice sword|Farmer armor|Merchant helm|Black ring|Sea ring
1785724542726,104808,Green squirrel,Leviathan Fields,0,0,18,15,18,10,0,3,54,14,1,15,1,1,0,1,Novice sword,Novice sword|Farmer armor|Merchant helm|Black ring|Sea ring
1785724543343,104808,Green squirrel,Leviathan Fields,1,14,18,15,18,10,0,3,54,14,1,15,1,1,0,1,Novice sword,Novice sword|Farmer armor|Merchant helm|Black ring|Sea ring
1785724543958,104808,Green squirrel,Leviathan Fields,1,12,18,15,18,10,0,3,54,14,1,15,1,1,0,1,Novice sword,Novice sword|Farmer armor|Merchant helm|Black ring|Sea ring
1785724544486,104808,Green squirrel,Leviathan Fields,1,14,18,15,18,10,0,3,54,14,1,15,1,1,0,1,Novice sword,Novice sword|Farmer armor|Merchant helm|Black ring|Sea ring
1785724544988,104808,Green squirrel,Leviathan Fields,1,13,18,15,18,10,0,3,54,14,1,15,1,1,0,1,Novice sword,Novice sword|Farmer armor|Merchant helm|Black ring|Sea ring
1785724545733,104808,Green squirrel,Leviathan Fields,0,0,18,15,18,10,0,3,54,14,1,15,1,1,0,1,Novice sword,Novice sword|Farmer armor|Merchant helm|Black ring|Sea ring
1785724546262,104808,Green squirrel,Leviathan Fields,0,0,18,15,18,10,0,3,54,14,1,15,1,1,0,1,Novice sword,Novice sword|Farmer armor|Merchant helm|Black ring|Sea ring
1785724546880,104808,Green squirrel,Leviathan Fields,0,0,18,15,18,10,0,3,54,14,1,15,1,1,0,1,Novice sword,Novice sword|Farmer armor|Merchant helm|Black ring|Sea ring
1785724547497,104808,Green squirrel,Leviathan Fields,1,13,18,15,18,10,0,3,54,14,1,15,1,1,0,1,Novice sword,Novice sword|Farmer armor|Merchant helm|Black ring|Sea ring
1785724548026,104808,Green squirrel,Leviathan Fields,1,13,18,15,18,10,0,3,54,14,1,15,1,1,0,1,Novice sword,Novice sword|Farmer armor|Merchant helm|Black ring|Sea ring
1785724548640,104808,Green squirrel,Leviathan Fields,1,13,18,15,18,10,0,3,54,14,1,15,1,1,0,1,Novice sword,Novice sword|Farmer armor|Merchant helm|Black ring|Sea ring
1785724549271,104808,Green squirrel,Leviathan Fields,1,12,18,15,18,10,0,3,54,14,1,15,1,1,0,1,Novice sword,Novice sword|Farmer armor|Merchant helm|Black ring|Sea ring
1785724549799,104808,Green squirrel,Leviathan Fields,1,14,18,15,18,10,0,3,54,14,1,15,1,1,0,1,Novice sword,Novice sword|Farmer armor|Merchant helm|Black ring|Sea ring
1785724550502,104808,Green squirrel,Leviathan Fields,0,0,18,15,18,10,0,3,54,14,1,15,1,1,0,1,Novice sword,Novice sword|Farmer armor|Merchant helm|Black ring|Sea ring
1785724552921,104808,Green squirrel,Leviathan Fields,0,0,18,15,18,10,0,3,54,14,1,15,1,1,0,1,Novice sword,Novice sword|Farmer armor|Merchant helm|Black ring|Sea ring
1785724553450,104808,Green squirrel,Leviathan Fields,0,0,18,15,18,10,0,3,54,14,1,15,1,1,0,1,Novice sword,Novice sword|Farmer armor|Merchant helm|Black ring|Sea ring
1785724554054,104808,Green squirrel,Leviathan Fields,0,0,18,15,18,10,0,3,54,15,1,15,1,0,1,0,Novice sword,Novice sword|Farmer armor|Merchant helm|Black ring|Sea ring
1785724557157,356614,Green squirrel,Leviathan Fields,0,0,18,15,18,10,0,3,54,15,1,15,2,2,0,1,Novice sword,Novice sword|Farmer armor|Merchant helm|Black ring|Sea ring
1785724557684,356614,Green squirrel,Leviathan Fields,0,0,18,15,18,10,0,3,54,15,1,15,2,2,0,1,Novice sword,Novice sword|Farmer armor|Merchant helm|Black ring|Sea ring
1785724558301,356614,Green squirrel,Leviathan Fields,0,0,18,15,18,10,0,3,54,14,1,14,2,2,0,1,Novice sword,Novice sword|Farmer armor|Merchant helm|Black ring|Sea ring
1785724558829,356614,Green squirrel,Leviathan Fields,0,0,18,15,18,10,0,3,54,14,1,14,2,2,0,1,Novice sword,Novice sword|Farmer armor|Merchant helm|Black ring|Sea ring
1785724559347,356614,Green squirrel,Leviathan Fields,1,12,18,15,18,10,0,3,54,14,1,14,2,2,0,1,Novice sword,Novice sword|Farmer armor|Merchant helm|Black ring|Sea ring
1785724560094,356614,Green squirrel,Leviathan Fields,1,13,18,15,18,10,0,3,54,14,1,14,2,2,0,1,Novice sword,Novice sword|Farmer armor|Merchant helm|Black ring|Sea ring
1785724560623,356614,Green squirrel,Leviathan Fields,1,14,18,15,18,10,0,3,54,14,1,14,2,2,0,1,Novice sword,Novice sword|Farmer armor|Merchant helm|Black ring|Sea ring
1785724561237,356614,Green squirrel,Leviathan Fields,0,0,18,15,18,10,0,3,54,14,1,14,2,2,0,1,Novice sword,Novice sword|Farmer armor|Merchant helm|Black ring|Sea ring
1785724561851,356614,Green squirrel,Leviathan Fields,0,0,18,15,18,10,0,3,54,14,1,14,2,2,0,1,Novice sword,Novice sword|Farmer armor|Merchant helm|Black ring|Sea ring
1785724562380,356614,Green squirrel,Leviathan Fields,1,12,18,15,18,10,0,3,54,14,1,14,2,2,0,1,Novice sword,Novice sword|Farmer armor|Merchant helm|Black ring|Sea ring
1785724562881,356614,Green squirrel,Leviathan Fields,1,12,18,15,18,10,0,3,54,14,1,14,2,2,0,1,Novice sword,Novice sword|Farmer armor|Merchant helm|Black ring|Sea ring
1785724563630,356614,Green squirrel,Leviathan Fields,1,12,18,15,18,10,0,3,54,14,1,14,2,2,0,1,Novice sword,Novice sword|Farmer armor|Merchant helm|Black ring|Sea ring
1785724564160,356614,Green squirrel,Leviathan Fields,1,12,18,15,18,10,0,3,54,14,1,14,2,2,0,1,Novice sword,Novice sword|Farmer armor|Merchant helm|Black ring|Sea ring
1785724564777,356614,Green squirrel,Leviathan Fields,1,13,18,15,18,10,0,3,54,14,1,14,2,2,0,1,Novice sword,Novice sword|Farmer armor|Merchant helm|Black ring|Sea ring
1785724565393,356614,Green squirrel,Leviathan Fields,1,13,18,15,18,10,0,3,54,14,1,14,2,2,0,1,Novice sword,Novice sword|Farmer armor|Merchant helm|Black ring|Sea ring
1785724565920,356614,Green squirrel,Leviathan Fields,1,14,18,15,18,10,0,3,54,14,1,14,2,2,0,1,Novice sword,Novice sword|Farmer armor|Merchant helm|Black ring|Sea ring
1785724566533,356614,Green squirrel,Leviathan Fields,1,13,18,15,18,10,0,3,54,14,1,14,2,2,0,1,Novice sword,Novice sword|Farmer armor|Merchant helm|Black ring|Sea ring
1785724570624,356614,Green squirrel,Leviathan Fields,0,0,18,15,18,10,0,3,54,14,2,14,2,2,1,0,Novice sword,Novice sword|Farmer armor|Merchant helm|Black ring|Sea ring
1785724599994,356618,Green squirrel,Leviathan Fields,1,26,18,15,18,10,0,3,54,9,5,9,6,2,0,1,Novice sword,Novice sword|Farmer armor|Merchant helm|Black ring|Sea ring
1785724600522,356618,Green squirrel,Leviathan Fields,1,12,18,15,18,10,0,3,54,9,5,9,6,2,0,1,Novice sword,Novice sword|Farmer armor|Merchant helm|Black ring|Sea ring
1785724601136,356618,Green squirrel,Leviathan Fields,1,14,18,15,18,10,0,3,54,9,5,9,6,2,0,1,Novice sword,Novice sword|Farmer armor|Merchant helm|Black ring|Sea ring
1785724601750,356618,Green squirrel,Leviathan Fields,1,13,18,15,18,10,0,3,54,9,5,9,6,2,0,1,Novice sword,Novice sword|Farmer armor|Merchant helm|Black ring|Sea ring
1785724602277,356618,Green squirrel,Leviathan Fields,0,0,18,15,18,10,0,3,54,9,5,9,6,2,0,1,Novice sword,Novice sword|Farmer armor|Merchant helm|Black ring|Sea ring
1785724602894,356618,Green squirrel,Leviathan Fields,0,0,18,15,18,10,0,3,54,9,5,9,6,2,0,1,Novice sword,Novice sword|Farmer armor|Merchant helm|Black ring|Sea ring
1785724603509,356618,Green squirrel,Leviathan Fields,1,13,18,15,18,10,0,3,54,9,5,9,6,2,0,1,Novice sword,Novice sword|Farmer armor|Merchant helm|Black ring|Sea ring
1785724604037,356618,Green squirrel,Leviathan Fields,0,0,18,15,18,10,0,3,54,9,5,9,6,2,0,1,Novice sword,Novice sword|Farmer armor|Merchant helm|Black ring|Sea ring
1785724604542,356618,Green squirrel,Leviathan Fields,1,12,18,15,18,10,0,3,54,9,5,9,6,2,0,1,Novice sword,Novice sword|Farmer armor|Merchant helm|Black ring|Sea ring
1785724605288,356618,Green squirrel,Leviathan Fields,1,12,18,15,18,10,0,3,54,9,5,9,6,2,0,1,Novice sword,Novice sword|Farmer armor|Merchant helm|Black ring|Sea ring
1785724605815,356618,Green squirrel,Leviathan Fields,1,13,18,15,18,10,0,3,54,9,5,9,6,2,0,1,Novice sword,Novice sword|Farmer armor|Merchant helm|Black ring|Sea ring
1785724606595,356618,Green squirrel,Leviathan Fields,1,37,18,15,18,10,0,3,54,9,5,9,6,2,0,1,Novice sword,Novice sword|Farmer armor|Merchant helm|Black ring|Sea ring
1785724607210,356618,Green squirrel,Leviathan Fields,0,0,18,15,18,10,0,3,54,9,5,9,6,2,0,1,Novice sword,Novice sword|Farmer armor|Merchant helm|Black ring|Sea ring
1785724607742,356618,Green squirrel,Leviathan Fields,0,0,18,15,18,10,0,3,54,9,5,9,6,2,0,1,Novice sword,Novice sword|Farmer armor|Merchant helm|Black ring|Sea ring
1785724608359,356618,Green squirrel,Leviathan Fields,0,0,18,15,18,10,0,3,54,9,5,9,6,2,0,1,Novice sword,Novice sword|Farmer armor|Merchant helm|Black ring|Sea ring
1785724611653,356618,Green squirrel,Leviathan Fields,0,0,19,15,19,10,0,3,54,9,6,9,6,0,1,0,Novice sword,Novice sword|Farmer armor|Merchant helm|Black ring|Sea ring
1785724684740,718906,Green squirrel,Leviathan Fields,1,13,19,15,19,10,0,3,54,43,7,43,8,2,0,1,Novice sword,Novice sword|Farmer armor|Merchant helm|Black ring|Sea ring
1785724685271,718906,Green squirrel,Leviathan Fields,1,13,19,15,19,10,0,3,54,43,7,43,8,2,0,1,Novice sword,Novice sword|Farmer armor|Merchant helm|Black ring|Sea ring
1785724686416,718906,Green squirrel,Leviathan Fields,1,14,19,15,19,10,0,3,54,43,7,43,8,2,0,1,Novice sword,Novice sword|Farmer armor|Merchant helm|Black ring|Sea ring
1785724686944,718906,Green squirrel,Leviathan Fields,1,14,19,15,19,10,0,3,54,43,7,43,8,2,0,1,Novice sword,Novice sword|Farmer armor|Merchant helm|Black ring|Sea ring
1785724687563,718906,Green squirrel,Leviathan Fields,1,13,19,15,19,10,0,3,54,43,7,43,8,2,0,1,Novice sword,Novice sword|Farmer armor|Merchant helm|Black ring|Sea ring
1785724688179,718906,Green squirrel,Leviathan Fields,1,14,19,15,19,10,0,3,54,43,7,43,8,2,0,1,Novice sword,Novice sword|Farmer armor|Merchant helm|Black ring|Sea ring
1785724688709,718906,Green squirrel,Leviathan Fields,1,12,19,15,19,10,0,3,54,43,7,43,8,2,0,1,Novice sword,Novice sword|Farmer armor|Merchant helm|Black ring|Sea ring
1785724689328,718906,Green squirrel,Leviathan Fields,1,14,19,15,19,10,0,3,54,43,7,43,8,2,0,1,Novice sword,Novice sword|Farmer armor|Merchant helm|Black ring|Sea ring
1785724689958,718906,Green squirrel,Leviathan Fields,1,12,19,15,19,10,0,3,54,43,7,43,8,2,0,1,Novice sword,Novice sword|Farmer armor|Merchant helm|Black ring|Sea ring
1785724690485,718906,Green squirrel,Leviathan Fields,1,13,19,15,19,10,0,3,54,43,7,43,8,2,0,1,Novice sword,Novice sword|Farmer armor|Merchant helm|Black ring|Sea ring
1785724691101,718906,Green squirrel,Leviathan Fields,1,14,19,15,19,10,0,3,54,43,7,43,8,2,0,1,Novice sword,Novice sword|Farmer armor|Merchant helm|Black ring|Sea ring
1785724691715,718906,Green squirrel,Leviathan Fields,1,13,19,15,19,10,0,3,54,43,7,43,8,2,0,1,Novice sword,Novice sword|Farmer armor|Merchant helm|Black ring|Sea ring
1785724694598,718906,Green squirrel,Leviathan Fields,0,0,19,15,19,10,0,3,54,43,7,43,8,2,0,1,Novice sword,Novice sword|Farmer armor|Merchant helm|Black ring|Sea ring
1785724695126,718906,Green squirrel,Leviathan Fields,0,0,19,15,19,10,0,3,54,43,7,43,8,2,0,1,Novice sword,Novice sword|Farmer armor|Merchant helm|Black ring|Sea ring
1785724696049,718906,Green squirrel,Leviathan Fields,0,0,19,15,19,10,0,3,54,43,7,43,8,2,0,1,Novice sword,Novice sword|Farmer armor|Merchant helm|Black ring|Sea ring
1785724696576,718906,Green squirrel,Leviathan Fields,0,0,19,15,19,10,0,3,54,43,7,43,8,2,0,1,Novice sword,Novice sword|Farmer armor|Merchant helm|Black ring|Sea ring
1785724725242,718900,Green squirrel,Leviathan Fields,1,14,19,12,19,10,0,3,54,41,18,41,18,1,1,0,Novice sword,Novice sword|Farmer armor|Merchant helm|Black ring|Sea ring
1785724725817,718900,Green squirrel,Leviathan Fields,0,0,19,12,19,10,0,3,54,41,18,42,18,2,1,1,Novice sword,Novice sword|Farmer armor|Merchant helm|Black ring|Sea ring
1785724726797,718900,Green squirrel,Leviathan Fields,0,0,19,12,19,10,0,3,54,41,17,41,18,2,0,1,Novice sword,Novice sword|Farmer armor|Merchant helm|Black ring|Sea ring
1785724727325,718900,Green squirrel,Leviathan Fields,0,0,19,12,19,10,0,3,54,41,17,41,18,2,0,1,Novice sword,Novice sword|Farmer armor|Merchant helm|Black ring|Sea ring
1785724727940,718900,Green squirrel,Leviathan Fields,0,0,19,12,19,10,0,3,54,41,17,41,18,2,0,1,Novice sword,Novice sword|Farmer armor|Merchant helm|Black ring|Sea ring
1785724728554,718900,Green squirrel,Leviathan Fields,0,0,19,12,19,10,0,3,54,41,17,41,18,2,0,1,Novice sword,Novice sword|Farmer armor|Merchant helm|Black ring|Sea ring
1785724729081,718900,Green squirrel,Leviathan Fields,1,12,19,12,19,10,0,3,54,41,17,41,18,2,0,1,Novice sword,Novice sword|Farmer armor|Merchant helm|Black ring|Sea ring
1785724729698,718900,Green squirrel,Leviathan Fields,0,0,19,12,19,10,0,3,54,41,17,41,18,2,0,1,Novice sword,Novice sword|Farmer armor|Merchant helm|Black ring|Sea ring
1785724730313,718900,Green squirrel,Leviathan Fields,1,12,19,12,19,10,0,3,54,41,17,41,18,2,0,1,Novice sword,Novice sword|Farmer armor|Merchant helm|Black ring|Sea ring
1785724730841,718900,Green squirrel,Leviathan Fields,1,12,19,12,19,10,0,3,54,41,17,41,18,2,0,1,Novice sword,Novice sword|Farmer armor|Merchant helm|Black ring|Sea ring
1785724731343,718900,Green squirrel,Leviathan Fields,1,14,19,12,19,10,0,3,54,41,17,41,18,2,0,1,Novice sword,Novice sword|Farmer armor|Merchant helm|Black ring|Sea ring
1785724732091,718900,Green squirrel,Leviathan Fields,0,0,19,12,19,10,0,3,54,41,17,41,18,2,0,1,Novice sword,Novice sword|Farmer armor|Merchant helm|Black ring|Sea ring
1785724732617,718900,Green squirrel,Leviathan Fields,0,0,19,12,19,10,0,3,54,41,17,41,18,2,0,1,Novice sword,Novice sword|Farmer armor|Merchant helm|Black ring|Sea ring
1785724733233,718900,Green squirrel,Leviathan Fields,0,0,19,12,19,10,0,3,54,41,17,41,18,2,0,1,Novice sword,Novice sword|Farmer armor|Merchant helm|Black ring|Sea ring
1785724733849,718900,Green squirrel,Leviathan Fields,1,12,19,12,19,10,0,3,54,41,17,41,18,2,0,1,Novice sword,Novice sword|Farmer armor|Merchant helm|Black ring|Sea ring
1785724734377,718900,Green squirrel,Leviathan Fields,1,12,19,12,19,10,0,3,54,41,17,41,18,2,0,1,Novice sword,Novice sword|Farmer armor|Merchant helm|Black ring|Sea ring
1785724734989,718900,Green squirrel,Leviathan Fields,0,0,19,12,19,10,0,3,54,41,17,41,18,2,0,1,Novice sword,Novice sword|Farmer armor|Merchant helm|Black ring|Sea ring
1785724735626,718900,Green squirrel,Leviathan Fields,1,14,19,12,19,10,0,3,54,41,17,41,18,2,0,1,Novice sword,Novice sword|Farmer armor|Merchant helm|Black ring|Sea ring
1785724736155,718900,Green squirrel,Leviathan Fields,1,12,19,12,19,10,0,3,54,41,17,41,18,2,0,1,Novice sword,Novice sword|Farmer armor|Merchant helm|Black ring|Sea ring
1785724736768,718900,Green squirrel,Leviathan Fields,1,13,19,12,19,10,0,3,54,41,17,41,18,2,0,1,Novice sword,Novice sword|Farmer armor|Merchant helm|Black ring|Sea ring
1785724737385,718900,Green squirrel,Leviathan Fields,1,13,19,12,19,10,0,3,54,41,17,41,18,2,0,1,Novice sword,Novice sword|Farmer armor|Merchant helm|Black ring|Sea ring
1785724737913,718900,Green squirrel,Leviathan Fields,1,13,19,12,19,10,0,3,54,41,17,41,18,2,0,1,Novice sword,Novice sword|Farmer armor|Merchant helm|Black ring|Sea ring
1785724738527,718900,Green squirrel,Leviathan Fields,1,12,19,12,19,10,0,3,54,41,17,41,18,2,0,1,Novice sword,Novice sword|Farmer armor|Merchant helm|Black ring|Sea ring
1785724739141,718900,Green squirrel,Leviathan Fields,1,12,19,12,19,10,0,3,54,41,17,41,18,2,0,1,Novice sword,Novice sword|Farmer armor|Merchant helm|Black ring|Sea ring
1785724739669,718900,Green squirrel,Leviathan Fields,1,13,19,12,19,10,0,3,54,41,17,41,18,2,0,1,Novice sword,Novice sword|Farmer armor|Merchant helm|Black ring|Sea ring
1785724742649,718900,Green squirrel,Leviathan Fields,0,0,19,12,19,10,0,3,54,41,17,41,18,2,0,1,Novice sword,Novice sword|Farmer armor|Merchant helm|Black ring|Sea ring
1785724743177,718900,Green squirrel,Leviathan Fields,0,0,19,12,19,10,0,3,54,41,17,41,18,2,0,1,Novice sword,Novice sword|Farmer armor|Merchant helm|Black ring|Sea ring
1785724743760,718900,Green squirrel,Leviathan Fields,0,0,19,12,19,10,0,3,54,41,18,41,18,1,1,0,Novice sword,Novice sword|Farmer armor|Merchant helm|Black ring|Sea ring
1785724782739,718904,Green squirrel,Leviathan Fields,1,14,19,12,19,10,0,3,54,26,8,26,8,0,1,0,Novice sword,Novice sword|Farmer armor|Merchant helm|Black ring|Sea ring
1785724783353,718904,Green squirrel,Leviathan Fields,0,0,19,12,19,10,0,3,54,26,8,26,7,0,0,1,Novice sword,Novice sword|Farmer armor|Merchant helm|Black ring|Sea ring
1785724794206,718904,Green squirrel,Leviathan Fields,1,39,19,12,19,10,0,3,54,29,9,28,9,3,0,1,Novice sword,Novice sword|Farmer armor|Merchant helm|Black ring|Sea ring
1785724794734,718904,Green squirrel,Leviathan Fields,1,14,19,12,19,10,0,3,54,29,9,28,9,3,0,1,Novice sword,Novice sword|Farmer armor|Merchant helm|Black ring|Sea ring
1785724795352,718904,Green squirrel,Leviathan Fields,0,0,19,12,19,10,0,3,54,29,9,28,9,3,0,1,Novice sword,Novice sword|Farmer armor|Merchant helm|Black ring|Sea ring
1785724795966,718904,Green squirrel,Leviathan Fields,0,0,19,12,19,10,0,3,54,29,9,28,9,3,0,1,Novice sword,Novice sword|Farmer armor|Merchant helm|Black ring|Sea ring
1785724796493,718904,Green squirrel,Leviathan Fields,0,0,19,12,19,10,0,3,54,29,9,28,9,3,0,1,Novice sword,Novice sword|Farmer armor|Merchant helm|Black ring|Sea ring
1785724797109,718904,Green squirrel,Leviathan Fields,0,0,19,12,19,10,0,3,54,29,9,28,9,3,0,1,Novice sword,Novice sword|Farmer armor|Merchant helm|Black ring|Sea ring
1785724798174,718904,Green squirrel,Leviathan Fields,0,0,19,12,19,10,0,3,54,29,9,28,9,3,0,1,Novice sword,Novice sword|Farmer armor|Merchant helm|Black ring|Sea ring
1785724798700,718904,Green squirrel,Leviathan Fields,1,12,19,12,19,10,0,3,54,29,9,28,9,3,0,1,Novice sword,Novice sword|Farmer armor|Merchant helm|Black ring|Sea ring
1785724799315,718904,Green squirrel,Leviathan Fields,1,12,19,12,19,10,0,3,54,29,9,28,9,3,0,1,Novice sword,Novice sword|Farmer armor|Merchant helm|Black ring|Sea ring
1785724799929,718904,Green squirrel,Leviathan Fields,1,12,19,12,19,10,0,3,54,29,9,28,9,3,0,1,Novice sword,Novice sword|Farmer armor|Merchant helm|Black ring|Sea ring
1785724800456,718904,Green squirrel,Leviathan Fields,1,14,19,12,19,10,0,3,54,29,9,28,9,3,0,1,Novice sword,Novice sword|Farmer armor|Merchant helm|Black ring|Sea ring
1785724801072,718904,Green squirrel,Leviathan Fields,1,14,19,12,19,10,0,3,54,29,9,28,9,3,0,1,Novice sword,Novice sword|Farmer armor|Merchant helm|Black ring|Sea ring
1785724802135,718904,Green squirrel,Leviathan Fields,1,13,19,12,19,10,0,3,54,29,9,28,9,3,0,1,Novice sword,Novice sword|Farmer armor|Merchant helm|Black ring|Sea ring
1785724802664,718904,Green squirrel,Leviathan Fields,1,14,19,12,19,10,0,3,54,29,9,28,9,3,0,1,Novice sword,Novice sword|Farmer armor|Merchant helm|Black ring|Sea ring
1785724803278,718904,Green squirrel,Leviathan Fields,0,0,19,12,19,10,0,3,54,29,9,28,9,3,0,1,Novice sword,Novice sword|Farmer armor|Merchant helm|Black ring|Sea ring
1785724804322,718904,Green squirrel,Leviathan Fields,1,13,19,12,19,10,0,3,54,29,9,28,9,3,0,1,Novice sword,Novice sword|Farmer armor|Merchant helm|Black ring|Sea ring
1785724804851,718904,Green squirrel,Leviathan Fields,1,14,19,12,19,10,0,3,54,29,9,28,9,3,0,1,Novice sword,Novice sword|Farmer armor|Merchant helm|Black ring|Sea ring
1785724807800,718904,Green squirrel,Leviathan Fields,0,0,19,12,19,10,0,3,54,29,9,28,9,3,0,1,Novice sword,Novice sword|Farmer armor|Merchant helm|Black ring|Sea ring
1785724808329,718904,Green squirrel,Leviathan Fields,0,0,19,12,19,10,0,3,54,29,9,28,9,3,0,1,Novice sword,Novice sword|Farmer armor|Merchant helm|Black ring|Sea ring
1785724808871,718904,Green squirrel,Leviathan Fields,0,0,19,12,19,10,0,3,54,28,9,28,9,3,1,0,Novice sword,Novice sword|Farmer armor|Merchant helm|Black ring|Sea ring
1785724817426,727790,Green squirrel,Leviathan Fields,1,14,19,12,19,10,0,3,54,33,13,33,14,2,0,1,Novice sword,Novice sword|Farmer armor|Merchant helm|Black ring|Sea ring
1785724817954,727790,Green squirrel,Leviathan Fields,1,13,19,12,19,10,0,3,54,33,13,33,14,2,0,1,Novice sword,Novice sword|Farmer armor|Merchant helm|Black ring|Sea ring
1785724818578,727790,Green squirrel,Leviathan Fields,1,14,19,12,19,10,0,3,54,33,13,33,14,2,0,1,Novice sword,Novice sword|Farmer armor|Merchant helm|Black ring|Sea ring
1785724819191,727790,Green squirrel,Leviathan Fields,0,0,19,12,19,10,0,3,54,33,13,33,14,2,0,1,Novice sword,Novice sword|Farmer armor|Merchant helm|Black ring|Sea ring
1785724819719,727790,Green squirrel,Leviathan Fields,0,0,19,12,19,10,0,3,54,33,13,33,14,2,0,1,Novice sword,Novice sword|Farmer armor|Merchant helm|Black ring|Sea ring
1785724852699,727790,,Leviathan Fields,1,12,19,15,19,10,0,3,54,33,13,33,14,2,0,1,Novice sword,Novice sword|Farmer armor|Merchant helm|Black ring|Sea ring
1785724853229,727790,,Leviathan Fields,1,12,19,15,19,10,0,3,54,33,13,33,14,2,0,1,Novice sword,Novice sword|Farmer armor|Merchant helm|Black ring|Sea ring
1785724853731,727790,,Leviathan Fields,0,0,19,15,19,10,0,3,54,33,13,33,14,2,0,1,Novice sword,Novice sword|Farmer armor|Merchant helm|Black ring|Sea ring
1785724854477,727790,Green squirrel,Leviathan Fields,1,14,19,15,19,10,0,3,54,33,13,33,14,2,0,1,Novice sword,Novice sword|Farmer armor|Merchant helm|Black ring|Sea ring
1785724855003,727790,Green squirrel,Leviathan Fields,1,13,19,15,19,10,0,3,54,33,13,33,14,2,0,1,Novice sword,Novice sword|Farmer armor|Merchant helm|Black ring|Sea ring
1785724855616,727790,Green squirrel,Leviathan Fields,1,13,19,15,19,10,0,3,54,33,13,33,14,2,0,1,Novice sword,Novice sword|Farmer armor|Merchant helm|Black ring|Sea ring
1785724856232,727790,Green squirrel,Leviathan Fields,1,13,19,15,19,10,0,3,54,33,13,33,14,2,0,1,Novice sword,Novice sword|Farmer armor|Merchant helm|Black ring|Sea ring
1785724856760,727790,Green squirrel,Leviathan Fields,1,12,19,15,19,10,0,3,54,33,13,33,14,2,0,1,Novice sword,Novice sword|Farmer armor|Merchant helm|Black ring|Sea ring
1785724857374,727790,Green squirrel,Leviathan Fields,1,13,19,15,19,10,0,3,54,33,13,33,14,2,0,1,Novice sword,Novice sword|Farmer armor|Merchant helm|Black ring|Sea ring
1785724858008,727790,Green squirrel,Leviathan Fields,1,12,19,15,19,10,0,3,54,33,13,33,14,2,0,1,Novice sword,Novice sword|Farmer armor|Merchant helm|Black ring|Sea ring
1785724858536,727790,Green squirrel,Leviathan Fields,1,13,19,15,19,10,0,3,54,33,13,33,14,2,0,1,Novice sword,Novice sword|Farmer armor|Merchant helm|Black ring|Sea ring
1785724859246,727790,Green squirrel,Leviathan Fields,0,0,19,15,19,10,0,3,54,33,13,33,14,2,0,1,Novice sword,Novice sword|Farmer armor|Merchant helm|Black ring|Sea ring
1785724860452,727790,Green squirrel,Leviathan Fields,0,0,19,15,19,10,0,3,54,33,13,33,14,2,0,1,Novice sword,Novice sword|Farmer armor|Merchant helm|Black ring|Sea ring
1785724861753,727790,Green squirrel,Leviathan Fields,0,0,19,15,19,10,0,3,54,34,14,33,14,3,0,1,Novice sword,Novice sword|Farmer armor|Merchant helm|Black ring|Sea ring
1785724862282,727790,Green squirrel,Leviathan Fields,0,0,19,15,19,10,0,3,54,34,14,33,14,3,0,1,Novice sword,Novice sword|Farmer armor|Merchant helm|Black ring|Sea ring
1785724888448,718902,Green squirrel,Leviathan Fields,1,14,19,15,19,10,0,3,54,12,20,12,21,2,0,1,Novice sword,Novice sword|Farmer armor|Merchant helm|Black ring|Sea ring
1785724888977,718902,Green squirrel,Leviathan Fields,1,12,19,15,19,10,0,3,54,12,20,12,21,2,0,1,Novice sword,Novice sword|Farmer armor|Merchant helm|Black ring|Sea ring
1785724889593,718902,Green squirrel,Leviathan Fields,1,14,19,15,19,10,0,3,54,12,20,12,21,2,0,1,Novice sword,Novice sword|Farmer armor|Merchant helm|Black ring|Sea ring
1785724890206,718902,Green squirrel,Leviathan Fields,1,14,19,15,19,10,0,3,54,12,20,12,21,2,0,1,Novice sword,Novice sword|Farmer armor|Merchant helm|Black ring|Sea ring
1785724890735,718902,Green squirrel,Leviathan Fields,1,13,19,15,19,10,0,3,54,12,20,12,21,2,0,1,Novice sword,Novice sword|Farmer armor|Merchant helm|Black ring|Sea ring
1785724891367,718902,Green squirrel,Leviathan Fields,0,0,19,15,19,10,0,3,54,12,20,12,21,2,0,1,Novice sword,Novice sword|Farmer armor|Merchant helm|Black ring|Sea ring
1785724891979,718902,Green squirrel,Leviathan Fields,1,14,19,15,19,10,0,3,54,12,20,12,21,2,0,1,Novice sword,Novice sword|Farmer armor|Merchant helm|Black ring|Sea ring
1785724892508,718902,Green squirrel,Leviathan Fields,0,0,19,15,19,10,0,3,54,12,20,12,21,2,0,1,Novice sword,Novice sword|Farmer armor|Merchant helm|Black ring|Sea ring
1785724893122,718902,Green squirrel,Leviathan Fields,1,13,19,15,19,10,0,3,54,12,20,12,21,2,0,1,Novice sword,Novice sword|Farmer armor|Merchant helm|Black ring|Sea ring
1785724893739,718902,Green squirrel,Leviathan Fields,1,14,19,15,19,10,0,3,54,12,20,12,21,2,0,1,Novice sword,Novice sword|Farmer armor|Merchant helm|Black ring|Sea ring
1785724894266,718902,Green squirrel,Leviathan Fields,0,0,19,15,19,10,0,3,54,12,20,12,21,2,0,1,Novice sword,Novice sword|Farmer armor|Merchant helm|Black ring|Sea ring
1785724894886,718902,Green squirrel,Leviathan Fields,0,0,19,15,19,10,0,3,54,12,20,12,21,2,0,1,Novice sword,Novice sword|Farmer armor|Merchant helm|Black ring|Sea ring
1785724895521,718902,Green squirrel,Leviathan Fields,0,0,19,15,19,10,0,3,54,12,20,12,21,2,0,1,Novice sword,Novice sword|Farmer armor|Merchant helm|Black ring|Sea ring
1785724896049,718902,Green squirrel,Leviathan Fields,1,14,19,15,19,10,0,3,54,12,20,12,21,2,0,1,Novice sword,Novice sword|Farmer armor|Merchant helm|Black ring|Sea ring
1785724896663,718902,Green squirrel,Leviathan Fields,1,14,19,15,19,10,0,3,54,12,20,12,21,2,0,1,Novice sword,Novice sword|Farmer armor|Merchant helm|Black ring|Sea ring
1785724897276,718902,Green squirrel,Leviathan Fields,1,12,19,15,19,10,0,3,54,12,20,12,21,2,0,1,Novice sword,Novice sword|Farmer armor|Merchant helm|Black ring|Sea ring
1785724897804,718902,Green squirrel,Leviathan Fields,1,13,19,15,19,10,0,3,54,12,20,12,21,2,0,1,Novice sword,Novice sword|Farmer armor|Merchant helm|Black ring|Sea ring
1785724898421,718902,Green squirrel,Leviathan Fields,0,0,19,15,19,10,0,3,54,12,20,12,21,2,0,1,Novice sword,Novice sword|Farmer armor|Merchant helm|Black ring|Sea ring
1785724899034,718902,Green squirrel,Leviathan Fields,0,0,19,15,19,10,0,3,54,12,20,12,21,2,0,1,Novice sword,Novice sword|Farmer armor|Merchant helm|Black ring|Sea ring
1785724899561,718902,Green squirrel,Leviathan Fields,0,0,19,15,19,10,0,3,54,12,20,12,21,2,0,1,Novice sword,Novice sword|Farmer armor|Merchant helm|Black ring|Sea ring
1785724900062,718902,Green squirrel,Leviathan Fields,0,0,19,15,19,10,0,3,54,12,20,12,21,2,0,1,Novice sword,Novice sword|Farmer armor|Merchant helm|Black ring|Sea ring
1785724900813,718902,Green squirrel,Leviathan Fields,1,12,19,15,19,10,0,3,54,12,20,12,21,2,0,1,Novice sword,Novice sword|Farmer armor|Merchant helm|Black ring|Sea ring
1785724901558,718902,Green squirrel,Leviathan Fields,0,0,19,15,19,10,0,3,54,12,20,12,21,2,0,1,Novice sword,Novice sword|Farmer armor|Merchant helm|Black ring|Sea ring
1785724902642,718902,Green squirrel,Leviathan Fields,0,0,19,15,19,10,0,3,54,12,21,12,21,2,1,0,Novice sword,Novice sword|Farmer armor|Merchant helm|Black ring|Sea ring
1785724914516,216507,Green squirrel,Leviathan Mound,1,12,19,15,19,10,0,3,54,16,25,16,24,0,0,1,Novice sword,Novice sword|Farmer armor|Merchant helm|Black ring|Sea ring
1785724915045,216507,Green squirrel,Leviathan Mound,1,12,19,15,19,10,0,3,54,16,25,16,24,0,0,1,Novice sword,Novice sword|Farmer armor|Merchant helm|Black ring|Sea ring
1785724915660,216507,Green squirrel,Leviathan Mound,0,0,19,15,19,10,0,3,54,16,25,16,24,0,0,1,Novice sword,Novice sword|Farmer armor|Merchant helm|Black ring|Sea ring
1785724916726,216507,Green squirrel,Leviathan Mound,1,13,19,15,19,10,0,3,54,16,25,16,24,0,0,1,Novice sword,Novice sword|Farmer armor|Merchant helm|Black ring|Sea ring
1785724917256,216507,Green squirrel,Leviathan Mound,1,12,19,15,19,10,0,3,54,16,25,16,24,0,0,1,Novice sword,Novice sword|Farmer armor|Merchant helm|Black ring|Sea ring
1785724917869,216507,Green squirrel,Leviathan Mound,1,12,19,15,19,10,0,3,54,16,25,16,24,0,0,1,Novice sword,Novice sword|Farmer armor|Merchant helm|Black ring|Sea ring
1785724918483,216507,Green squirrel,Leviathan Mound,1,14,19,15,19,10,0,3,54,16,25,16,24,0,0,1,Novice sword,Novice sword|Farmer armor|Merchant helm|Black ring|Sea ring
1785724919010,216507,Green squirrel,Leviathan Mound,1,14,19,15,19,10,0,3,54,16,25,16,24,0,0,1,Novice sword,Novice sword|Farmer armor|Merchant helm|Black ring|Sea ring
1785724919626,216507,Green squirrel,Leviathan Mound,0,0,19,15,19,10,0,3,54,16,25,16,24,0,0,1,Novice sword,Novice sword|Farmer armor|Merchant helm|Black ring|Sea ring
1785724920239,216507,Green squirrel,Leviathan Mound,1,12,19,15,19,10,0,3,54,16,25,16,24,0,0,1,Novice sword,Novice sword|Farmer armor|Merchant helm|Black ring|Sea ring
1785724920766,216507,Green squirrel,Leviathan Mound,1,12,19,15,19,10,0,3,54,16,25,16,24,0,0,1,Novice sword,Novice sword|Farmer armor|Merchant helm|Black ring|Sea ring
1785724921269,216507,Green squirrel,Leviathan Mound,1,13,19,15,19,10,0,3,54,16,25,16,24,0,0,1,Novice sword,Novice sword|Farmer armor|Merchant helm|Black ring|Sea ring
1785724922445,216507,Green squirrel,Leviathan Mound,0,0,19,15,19,10,0,3,54,16,25,16,24,0,0,1,Novice sword,Novice sword|Farmer armor|Merchant helm|Black ring|Sea ring
1785724922973,216507,Green squirrel,Leviathan Mound,1,13,19,15,19,10,0,3,54,16,25,16,24,0,0,1,Novice sword,Novice sword|Farmer armor|Merchant helm|Black ring|Sea ring
1785724923590,216507,Green squirrel,Leviathan Mound,1,13,19,15,19,10,0,3,54,16,25,16,24,0,0,1,Novice sword,Novice sword|Farmer armor|Merchant helm|Black ring|Sea ring
1785724924203,216507,Green squirrel,Leviathan Mound,1,13,19,15,19,10,0,3,54,16,25,16,24,0,0,1,Novice sword,Novice sword|Farmer armor|Merchant helm|Black ring|Sea ring
1785724924732,216507,Green squirrel,Leviathan Mound,1,12,19,15,19,10,0,3,54,16,25,16,24,0,0,1,Novice sword,Novice sword|Farmer armor|Merchant helm|Black ring|Sea ring
1785724931075,216507,Green squirrel,Leviathan Mound,0,0,19,15,19,10,0,3,54,16,25,16,24,0,0,1,Novice sword,Novice sword|Farmer armor|Merchant helm|Black ring|Sea ring
1785724931605,216507,Green squirrel,Leviathan Mound,1,14,19,15,19,10,0,3,54,16,25,16,24,0,0,1,Novice sword,Novice sword|Farmer armor|Merchant helm|Black ring|Sea ring
1785724932221,216507,Green squirrel,Leviathan Mound,1,14,19,15,19,10,0,3,54,16,25,16,24,0,0,1,Novice sword,Novice sword|Farmer armor|Merchant helm|Black ring|Sea ring
1785724933133,216507,Green squirrel,Leviathan Mound,0,0,19,15,19,10,0,3,54,16,25,16,24,0,0,1,Novice sword,Novice sword|Farmer armor|Merchant helm|Black ring|Sea ring
1785724934366,216507,Green squirrel,Leviathan Mound,0,0,19,15,19,10,0,3,54,17,24,16,24,3,0,1,Novice sword,Novice sword|Farmer armor|Merchant helm|Black ring|Sea ring
1785724935452,216507,Green squirrel,Leviathan Mound,0,0,19,15,19,10,0,3,54,16,24,16,24,3,1,0,Novice sword,Novice sword|Farmer armor|Merchant helm|Black ring|Sea ring
1785724953110,640534,Green squirrel,Leviathan Mound,0,0,19,15,19,10,0,3,54,22,7,22,6,0,0,1,Novice sword,Novice sword|Farmer armor|Merchant helm|Black ring|Sea ring
1785724953638,640534,Green squirrel,Leviathan Mound,0,0,19,15,19,10,0,3,54,22,7,22,6,0,0,1,Novice sword,Novice sword|Farmer armor|Merchant helm|Black ring|Sea ring
1785724954347,640534,Green squirrel,Leviathan Mound,0,0,19,15,19,10,0,3,54,22,7,22,6,0,0,1,Novice sword,Novice sword|Farmer armor|Merchant helm|Black ring|Sea ring
1785724954960,640534,Green squirrel,Leviathan Mound,1,26,19,15,19,10,0,3,54,22,6,21,6,3,0,1,Novice sword,Novice sword|Farmer armor|Merchant helm|Black ring|Sea ring
1785724955576,640534,Green squirrel,Leviathan Mound,1,14,19,15,19,10,0,3,54,22,6,21,6,3,0,1,Novice sword,Novice sword|Farmer armor|Merchant helm|Black ring|Sea ring
1785724956103,640534,Green squirrel,Leviathan Mound,1,13,19,15,19,10,0,3,54,22,6,21,6,3,0,1,Novice sword,Novice sword|Farmer armor|Merchant helm|Black ring|Sea ring
1785724956719,640534,Green squirrel,Leviathan Mound,1,13,19,15,19,10,0,3,54,22,6,21,6,3,0,1,Novice sword,Novice sword|Farmer armor|Merchant helm|Black ring|Sea ring
1785724957336,640534,Green squirrel,Leviathan Mound,0,0,19,15,19,10,0,3,54,22,6,21,6,3,0,1,Novice sword,Novice sword|Farmer armor|Merchant helm|Black ring|Sea ring
1785724957863,640534,Green squirrel,Leviathan Mound,1,12,19,15,19,10,0,3,54,22,6,21,6,3,0,1,Novice sword,Novice sword|Farmer armor|Merchant helm|Black ring|Sea ring
1785724958663,640534,Green squirrel,Leviathan Mound,1,14,19,15,19,10,0,3,54,22,6,21,6,3,0,1,Novice sword,Novice sword|Farmer armor|Merchant helm|Black ring|Sea ring
1785724959189,640534,Green squirrel,Leviathan Mound,1,14,19,15,19,10,0,3,54,22,6,21,6,3,0,1,Novice sword,Novice sword|Farmer armor|Merchant helm|Black ring|Sea ring
1785724959804,640534,Green squirrel,Leviathan Mound,1,13,19,15,19,10,0,3,54,22,6,21,6,3,0,1,Novice sword,Novice sword|Farmer armor|Merchant helm|Black ring|Sea ring
1785724960423,640534,Green squirrel,Leviathan Mound,0,0,19,15,19,10,0,3,54,22,6,21,6,3,0,1,Novice sword,Novice sword|Farmer armor|Merchant helm|Black ring|Sea ring
1785724960950,640534,Green squirrel,Leviathan Mound,0,0,19,15,19,10,0,3,54,22,6,21,6,3,0,1,Novice sword,Novice sword|Farmer armor|Merchant helm|Black ring|Sea ring
1785724961564,640534,Green squirrel,Leviathan Mound,1,14,19,15,19,10,0,3,54,22,6,21,6,3,0,1,Novice sword,Novice sword|Farmer armor|Merchant helm|Black ring|Sea ring
1785724962178,640534,Green squirrel,Leviathan Mound,1,14,19,15,19,10,0,3,54,22,6,21,6,3,0,1,Novice sword,Novice sword|Farmer armor|Merchant helm|Black ring|Sea ring
1785724962705,640534,Green squirrel,Leviathan Mound,1,14,19,15,19,10,0,3,54,22,6,21,6,3,0,1,Novice sword,Novice sword|Farmer armor|Merchant helm|Black ring|Sea ring
1785724963206,640534,Green squirrel,Leviathan Mound,1,12,19,15,19,10,0,3,54,22,6,21,6,3,0,1,Novice sword,Novice sword|Farmer armor|Merchant helm|Black ring|Sea ring
1785724963955,640534,Green squirrel,Leviathan Mound,1,12,19,15,19,10,0,3,54,22,6,21,6,3,0,1,Novice sword,Novice sword|Farmer armor|Merchant helm|Black ring|Sea ring
1785724964483,640534,Green squirrel,Leviathan Mound,1,14,19,15,19,10,0,3,54,22,6,21,6,3,0,1,Novice sword,Novice sword|Farmer armor|Merchant helm|Black ring|Sea ring
1785724965263,640534,Green squirrel,Leviathan Mound,0,0,19,15,19,10,0,3,54,22,6,21,6,3,0,1,Novice sword,Novice sword|Farmer armor|Merchant helm|Black ring|Sea ring
1785724966469,640534,Green squirrel,Leviathan Mound,0,0,19,15,19,10,0,3,54,21,5,21,6,2,0,1,Novice sword,Novice sword|Farmer armor|Merchant helm|Black ring|Sea ring
1785724967578,640534,Green squirrel,Leviathan Mound,0,0,19,15,19,10,0,3,54,21,6,21,6,2,1,0,Novice sword,Novice sword|Farmer armor|Merchant helm|Black ring|Sea ring
1785724968552,640534,Green squirrel,Leviathan Mound,0,0,19,15,19,10,0,3,54,21,7,21,6,0,0,1,Novice sword,Novice sword|Farmer armor|Merchant helm|Black ring|Sea ring
1785724975480,640536,Green squirrel,Leviathan Mound,0,0,19,15,19,10,0,3,54,12,7,12,6,0,0,1,Novice sword,Novice sword|Farmer armor|Merchant helm|Black ring|Sea ring
1785724976007,640536,Green squirrel,Leviathan Mound,0,0,19,15,19,10,0,3,54,12,7,12,6,0,0,1,Novice sword,Novice sword|Farmer armor|Merchant helm|Black ring|Sea ring
1785724976526,640536,Green squirrel,Leviathan Mound,1,14,19,15,19,10,0,3,54,12,7,12,6,0,0,1,Novice sword,Novice sword|Farmer armor|Merchant helm|Black ring|Sea ring
1785724977273,640536,Green squirrel,Leviathan Mound,1,13,19,15,19,10,0,3,54,12,7,12,6,0,0,1,Novice sword,Novice sword|Farmer armor|Merchant helm|Black ring|Sea ring
1785724977801,640536,Green squirrel,Leviathan Mound,0,0,19,15,19,10,0,3,54,12,7,12,6,0,0,1,Novice sword,Novice sword|Farmer armor|Merchant helm|Black ring|Sea ring
1785724978418,640536,Green squirrel,Leviathan Mound,1,13,19,15,19,10,0,3,54,12,7,12,6,0,0,1,Novice sword,Novice sword|Farmer armor|Merchant helm|Black ring|Sea ring
1785724979031,640536,Green squirrel,Leviathan Mound,1,14,19,15,19,10,0,3,54,12,7,12,6,0,0,1,Novice sword,Novice sword|Farmer armor|Merchant helm|Black ring|Sea ring
1785724979559,640536,Green squirrel,Leviathan Mound,1,13,19,15,19,10,0,3,54,12,7,12,6,0,0,1,Novice sword,Novice sword|Farmer armor|Merchant helm|Black ring|Sea ring
1785724980173,640536,Green squirrel,Leviathan Mound,1,14,19,15,19,10,0,3,54,12,7,12,6,0,0,1,Novice sword,Novice sword|Farmer armor|Merchant helm|Black ring|Sea ring
1785724980808,640536,Green squirrel,Leviathan Mound,1,12,19,15,19,10,0,3,54,12,7,12,6,0,0,1,Novice sword,Novice sword|Farmer armor|Merchant helm|Black ring|Sea ring
1785724981336,640536,Green squirrel,Leviathan Mound,0,0,19,15,19,10,0,3,54,12,7,12,6,0,0,1,Novice sword,Novice sword|Farmer armor|Merchant helm|Black ring|Sea ring
1785724981953,640536,Green squirrel,Leviathan Mound,1,14,19,15,19,10,0,3,54,12,7,12,6,0,0,1,Novice sword,Novice sword|Farmer armor|Merchant helm|Black ring|Sea ring
1785724982568,640536,Green squirrel,Leviathan Mound,1,13,19,15,19,10,0,3,54,12,7,12,6,0,0,1,Novice sword,Novice sword|Farmer armor|Merchant helm|Black ring|Sea ring
1785724983097,640536,Green squirrel,Leviathan Mound,1,12,19,15,19,10,0,3,54,12,7,12,6,0,0,1,Novice sword,Novice sword|Farmer armor|Merchant helm|Black ring|Sea ring
1785724983716,640536,Green squirrel,Leviathan Mound,1,13,19,15,19,10,0,3,54,12,7,12,6,0,0,1,Novice sword,Novice sword|Farmer armor|Merchant helm|Black ring|Sea ring
1785724984760,640536,Green squirrel,Leviathan Mound,1,13,19,15,19,10,0,3,54,12,7,12,6,0,0,1,Novice sword,Novice sword|Farmer armor|Merchant helm|Black ring|Sea ring
1785724985289,640536,Green squirrel,Leviathan Mound,1,13,19,15,19,10,0,3,54,12,7,12,6,0,0,1,Novice sword,Novice sword|Farmer armor|Merchant helm|Black ring|Sea ring
1785724986088,640536,Green squirrel,Leviathan Mound,0,0,19,15,19,10,0,3,54,12,7,12,6,0,0,1,Novice sword,Novice sword|Farmer armor|Merchant helm|Black ring|Sea ring
1785724987295,640536,Green squirrel,Leviathan Mound,0,0,19,15,19,10,0,3,54,11,6,12,6,1,0,1,Novice sword,Novice sword|Farmer armor|Merchant helm|Black ring|Sea ring
1785724988381,640536,Green squirrel,Leviathan Mound,0,0,19,15,19,10,0,3,54,12,6,12,6,1,1,0,Novice sword,Novice sword|Farmer armor|Merchant helm|Black ring|Sea ring
1785724989361,640536,Green squirrel,Leviathan Mound,0,0,19,15,19,10,0,3,54,13,6,12,6,3,0,1,Novice sword,Novice sword|Farmer armor|Merchant helm|Black ring|Sea ring
1785725030560,718908,Green squirrel,Leviathan Fields,0,0,19,15,19,10,0,3,54,22,32,23,32,1,0,1,Novice sword,Novice sword|Farmer armor|Merchant helm|Black ring|Sea ring
1785725031310,718908,Green squirrel,Leviathan Fields,0,0,19,15,19,10,0,3,54,22,32,23,32,1,0,1,Novice sword,Novice sword|Farmer armor|Merchant helm|Black ring|Sea ring
1785725031837,718908,Green squirrel,Leviathan Fields,1,28,19,15,19,10,0,3,54,22,32,23,32,1,0,1,Novice sword,Novice sword|Farmer armor|Merchant helm|Black ring|Sea ring
1785725032407,718908,Green squirrel,Leviathan Fields,1,28,19,15,19,10,0,3,54,23,32,24,32,1,0,1,Novice sword,Novice sword|Farmer armor|Merchant helm|Black ring|Sea ring
1785725032935,718908,Green squirrel,Leviathan Fields,1,28,19,15,19,10,0,3,54,23,32,24,32,1,0,1,Novice sword,Novice sword|Farmer armor|Merchant helm|Black ring|Sea ring
1785725033551,718908,Green squirrel,Leviathan Fields,1,13,19,15,19,10,0,3,54,23,32,24,32,1,0,1,Novice sword,Novice sword|Farmer armor|Merchant helm|Black ring|Sea ring
1785725034184,718908,Green squirrel,Leviathan Fields,1,12,19,15,19,10,0,3,54,23,32,24,32,1,0,1,Novice sword,Novice sword|Farmer armor|Merchant helm|Black ring|Sea ring
1785725034712,718908,Green squirrel,Leviathan Fields,1,13,19,15,19,10,0,3,54,23,32,24,32,1,0,1,Novice sword,Novice sword|Farmer armor|Merchant helm|Black ring|Sea ring
1785725035326,718908,Green squirrel,Leviathan Fields,1,13,19,15,19,10,0,3,54,23,32,24,32,1,0,1,Novice sword,Novice sword|Farmer armor|Merchant helm|Black ring|Sea ring
1785725036373,718908,Green squirrel,Leviathan Fields,1,14,19,15,19,10,0,3,54,23,32,24,32,1,0,1,Novice sword,Novice sword|Farmer armor|Merchant helm|Black ring|Sea ring
1785725036903,718908,Green squirrel,Leviathan Fields,1,14,19,15,19,10,0,3,54,23,32,24,32,1,0,1,Novice sword,Novice sword|Farmer armor|Merchant helm|Black ring|Sea ring
1785725037516,718908,Green squirrel,Leviathan Fields,1,13,19,12,19,10,0,3,54,23,32,24,32,1,0,1,Novice sword,Novice sword|Farmer armor|Merchant helm|Black ring|Sea ring
1785725038131,718908,Green squirrel,Leviathan Fields,1,12,19,12,19,10,0,3,54,23,32,24,32,1,0,1,Novice sword,Novice sword|Farmer armor|Merchant helm|Black ring|Sea ring
1785725045749,727788,Green squirrel,Leviathan Fields,1,12,19,12,19,10,0,3,54,8,35,8,36,2,0,1,Novice sword,Novice sword|Farmer armor|Merchant helm|Black ring|Sea ring
1785725046277,727788,Green squirrel,Leviathan Fields,1,12,19,12,19,10,0,3,54,8,35,8,36,2,0,1,Novice sword,Novice sword|Farmer armor|Merchant helm|Black ring|Sea ring
1785725046892,727788,Green squirrel,Leviathan Fields,1,12,19,12,19,10,0,3,54,8,35,8,36,2,0,1,Novice sword,Novice sword|Farmer armor|Merchant helm|Black ring|Sea ring
1785725047527,727788,Green squirrel,Leviathan Fields,1,12,19,12,19,10,0,3,54,8,35,8,36,2,0,1,Novice sword,Novice sword|Farmer armor|Merchant helm|Black ring|Sea ring
1785725048055,727788,Green squirrel,Leviathan Fields,0,0,19,12,19,10,0,3,54,8,35,8,36,2,0,1,Novice sword,Novice sword|Farmer armor|Merchant helm|Black ring|Sea ring
1785725048670,727788,Green squirrel,Leviathan Fields,1,12,19,12,19,10,0,3,54,8,35,8,36,2,0,1,Novice sword,Novice sword|Farmer armor|Merchant helm|Black ring|Sea ring
1785725049285,727788,Green squirrel,Leviathan Fields,1,14,19,12,19,10,0,3,54,8,35,8,36,2,0,1,Novice sword,Novice sword|Farmer armor|Merchant helm|Black ring|Sea ring
1785725049811,727788,Green squirrel,Leviathan Fields,0,0,19,12,19,10,0,3,54,8,35,8,36,2,0,1,Novice sword,Novice sword|Farmer armor|Merchant helm|Black ring|Sea ring
1785725050426,727788,Green squirrel,Leviathan Fields,0,0,19,12,19,10,0,3,54,8,35,8,36,2,0,1,Novice sword,Novice sword|Farmer armor|Merchant helm|Black ring|Sea ring
1785725051472,727788,Green squirrel,Leviathan Fields,0,0,19,12,19,10,0,3,54,8,35,8,36,2,0,1,Novice sword,Novice sword|Farmer armor|Merchant helm|Black ring|Sea ring
1785725052001,727788,Green squirrel,Leviathan Fields,0,0,19,12,19,10,0,3,54,8,35,8,36,2,0,1,Novice sword,Novice sword|Farmer armor|Merchant helm|Black ring|Sea ring
1785725052633,727788,Green squirrel,Leviathan Fields,1,12,19,12,19,10,0,3,54,8,35,8,36,2,0,1,Novice sword,Novice sword|Farmer armor|Merchant helm|Black ring|Sea ring
1785725053677,727788,Green squirrel,Leviathan Fields,1,14,19,12,19,10,0,3,54,8,35,8,36,2,0,1,Novice sword,Novice sword|Farmer armor|Merchant helm|Black ring|Sea ring
1785725054205,727788,Green squirrel,Leviathan Fields,0,0,19,12,19,10,0,3,54,8,35,8,36,2,0,1,Novice sword,Novice sword|Farmer armor|Merchant helm|Black ring|Sea ring
1785725054821,727788,Green squirrel,Leviathan Fields,1,12,19,12,19,10,0,3,54,8,35,8,36,2,0,1,Novice sword,Novice sword|Farmer armor|Merchant helm|Black ring|Sea ring
1785725055437,727788,Green squirrel,Leviathan Fields,1,14,19,12,19,10,0,3,54,8,35,8,36,2,0,1,Novice sword,Novice sword|Farmer armor|Merchant helm|Black ring|Sea ring
1785725055966,727788,Green squirrel,Leviathan Fields,0,0,19,12,19,10,0,3,54,8,35,8,36,2,0,1,Novice sword,Novice sword|Farmer armor|Merchant helm|Black ring|Sea ring
1785725056581,727788,Green squirrel,Leviathan Fields,1,13,19,12,19,10,0,3,54,8,35,8,36,2,0,1,Novice sword,Novice sword|Farmer armor|Merchant helm|Black ring|Sea ring
1785725057644,727788,Green squirrel,Leviathan Fields,1,12,19,12,19,10,0,3,54,8,35,8,36,2,0,1,Novice sword,Novice sword|Farmer armor|Merchant helm|Black ring|Sea ring
1785725058172,727788,Green squirrel,Leviathan Fields,1,14,19,12,19,10,0,3,54,8,35,8,36,2,0,1,Novice sword,Novice sword|Farmer armor|Merchant helm|Black ring|Sea ring
1785725058790,727788,Green squirrel,Leviathan Fields,1,14,19,12,19,10,0,3,54,8,35,8,36,2,0,1,Novice sword,Novice sword|Farmer armor|Merchant helm|Black ring|Sea ring
1785725062002,727788,Green squirrel,Leviathan Fields,0,0,19,12,19,10,0,3,54,8,35,8,36,2,0,1,Novice sword,Novice sword|Farmer armor|Merchant helm|Black ring|Sea ring
1785725062529,727788,Green squirrel,Leviathan Fields,0,0,19,12,19,10,0,3,54,8,35,8,36,2,0,1,Novice sword,Novice sword|Farmer armor|Merchant helm|Black ring|Sea ring
1785725063110,727788,Green squirrel,Leviathan Fields,0,0,19,12,19,10,0,3,54,8,36,8,36,3,1,0,Novice sword,Novice sword|Farmer armor|Merchant helm|Black ring|Sea ring
